Workbook

Sheet Importtabelle
A1: Studiengang | B1: Fachbereich | C1: Studienanfänger -4 | D1: Studienanfänger -3 | E1: Studienanfänger -2 | F1: Studienanfänger -1 | G1: Immatrikulierte Studierende -4 | H1: Immatrikulierte Studierende -3 | I1: Immatrikulierte Studierende -2 | J1: Immatrikulierte Studierende -1 | K1: Hochschultyp des Vorstudiums der Studienanfänger [PROFIL] | L1: Erfolgsquote der Studierenden | M1: Anzahl der fürs Studium benötigten Fachsemester | N1: Berufserfahrung der Studienanfänger | O1: Alter zum Beginn des Studiums | P1: Herkunft Dozent (Anteil an Lehrveranstaltungsstunden) [Profil] | Q1: In welchen Studiengängen belegen die Studierenden Module?Studiengang? [Profil] | R1: Aus welchem Studiengang kommen die Modulteilnehmer? [Profil] | S1: Durchschnittliche Modulauslastung | T1: Anzahl Module
A2: Advanced Practice in Healthcare | B2: Gesundheit | D2: 22 | E2: 15 | F2: 17 | G2: 0 | H2: 22 | I2: 35 | J2: 52 | K2: =CONCATENATE("{DHBW: ", Vorstudium!C2,"; ","Hochschule: ",Vorstudium!D2,"; ","Universität: ",Vorstudium!E2,"; ","Ausland/k.A.: ",Vorstudium!F2,"}") -> {DHBW: 0,666666666666667; Hochschule: 0,222222222222222; Universität: 0,0740740740740741; Ausland/k.A.: 0,037037037037037} | L2: 0 | N2: 3.8 | O2: 33.6 | P2: =CONCATENATE("{",'Doz-Herkunft'!$C$1,": ",'Doz-Herkunft'!C2,"; ",'Doz-Herkunft'!$D$1,": ",'Doz-Herkunft'!D2,"; ",'Doz-Herkunft'!$E$1,": ",'Doz-Herkunft'!E2,"; ",'Doz-Herkunft'!$F$1,": ",'Doz-Herkunft'!F2,"; ",'Doz-Herkunft'!$G$1,": ",'Doz-Herkunft'!G2,"; ",'Doz-Herkunft'!$H$1,": ",'Doz-Herkunft'!H2,"; ",'Doz-Herkunft'!$I$1,": ",'Doz-Herkunft'!I2,"; ",'Doz-Herkunft'!$J$1,": ",'Doz-Herkunft'!J2,"}") -> {DHBW: 352; andere Hochschule: 154; Forschungsinstitut: 0; freiberufl./selbst.: 64; Öffentliche Einrichtung: 68; Rechtsanwalt / StB/ Richter: 0; Soz. Einrichtung / Verbände: 0; Unternehmen: 8} | Q2: =CONCATENATE("{",'Module SG'!$C$1,": ",'Module SG'!C2,"; ",'Module SG'!$D$1,": ",'Module SG'!D2,"; ",'Module SG'!$E$1,": ",'Module SG'!E2,"; ",'Module SG'!$F$1,": ",'Module SG'!F2,"; ",'Module SG'!$G$1,": ",'Module SG'!G2,"; ",'Module SG'!$H$1,": ",'Module SG'!H2,"; ",'Module SG'!$I$1,": ",'Module SG'!I2,"; ",'Module SG'!$J$1,": ",'Module SG'!J2,"}") -> {Advanced Practice in Healthcare: 286; Intensive Care: 0; Governance Sozialer Arbeit: 0; Soziale Arbeit in der Migrationsgesellschaft: 0; Informatik: 0; Integrated Engineering: 0; Accounting, Controlling, Taxation: 0; Digital Business Management: 0} | R2: =CONCATENATE("{",'Module Herkunft'!$C$1,": ",'Module Herkunft'!C2,"; ",'Module Herkunft'!$D$1,": ",'Module Herkunft'!D2,"; ",'Module Herkunft'!$E$1,": ",'Module Herkunft'!E2,"; ",'Module Herkunft'!$F$1,": ",'Module Herkunft'!F2,"; ",'Module Herkunft'!$G$1,": ",'Module Herkunft'!G2,"; ",'Module Herkunft'!$H$1,": ",'Module Herkunft'!H2,"; ",'Module Herkunft'!$I$1,": ",'Module Herkunft'!I2,"; ",'Module Herkunft'!$J$1,": ",'Module Herkunft'!J2,"}") -> {Advanced Practice in Healthcare: 286; Intensive Care: ; Governance Sozialer Arbeit: 1; Soziale Arbeit in der Migrationsgesellschaft: 0; Informatik: 0; Integrated Engineering: 0; Accounting, Controlling, Taxation: 0; Digital Business Management: 0} | S2: 7.7 | T2: 16
A3: Intensive Care | B3: Gesundheit | E3: 6 | F3: 0 | G3: 0 | H3: 0 | I3: 0 | J3: 6 | K3: =CONCATENATE("{DHBW: ", Vorstudium!C3,"; ","Hochschule: ",Vorstudium!D3,"; ","Universität: ",Vorstudium!E3,"; ","Ausland/k.A.: ",Vorstudium!F3,"}") -> {DHBW: 0,5; Hochschule: 0,333333333333333; Universität: 0; Ausland/k.A.: 0,166666666666667} | L3: 0 | N3: 3.1 | O3: 28.8 | P3: =CONCATENATE("{",'Doz-Herkunft'!$C$1,": ",'Doz-Herkunft'!C3,"; ",'Doz-Herkunft'!$D$1,": ",'Doz-Herkunft'!D3,"; ",'Doz-Herkunft'!$E$1,": ",'Doz-Herkunft'!E3,"; ",'Doz-Herkunft'!$F$1,": ",'Doz-Herkunft'!F3,"; ",'Doz-Herkunft'!$G$1,": ",'Doz-Herkunft'!G3,"; ",'Doz-Herkunft'!$H$1,": ",'Doz-Herkunft'!H3,"; ",'Doz-Herkunft'!$I$1,": ",'Doz-Herkunft'!I3,"; ",'Doz-Herkunft'!$J$1,": ",'Doz-Herkunft'!J3,"}") -> {DHBW: 49; andere Hochschule: 0; Forschungsinstitut: 0; freiberufl./selbst.: 40; Öffentliche Einrichtung: 36; Rechtsanwalt / StB/ Richter: 0; Soz. Einrichtung / Verbände: 0; Unternehmen: 0} | Q3: =CONCATENATE("{",'Module SG'!$C$1,": ",'Module SG'!C3,"; ",'Module SG'!$D$1,": ",'Module SG'!D3,"; ",'Module SG'!$E$1,": ",'Module SG'!E3,"; ",'Module SG'!$F$1,": ",'Module SG'!F3,"; ",'Module SG'!$G$1,": ",'Module SG'!G3,"; ",'Module SG'!$H$1,": ",'Module SG'!H3,"; ",'Module SG'!$I$1,": ",'Module SG'!I3,"; ",'Module SG'!$J$1,": ",'Module SG'!J3,"}") -> {Advanced Practice in Healthcare: 0; Intensive Care: 48; Governance Sozialer Arbeit: 0; Soziale Arbeit in der Migrationsgesellschaft: 0; Informatik: 0; Integrated Engineering: 0; Accounting, Controlling, Taxation: 0; Digital Business Management: 0} | R3: =CONCATENATE("{",'Module Herkunft'!$C$1,": ",'Module Herkunft'!C3,"; ",'Module Herkunft'!$D$1,": ",'Module Herkunft'!D3,"; ",'Module Herkunft'!$E$1,": ",'Module Herkunft'!E3,"; ",'Module Herkunft'!$F$1,": ",'Module Herkunft'!F3,"; ",'Module Herkunft'!$G$1,": ",'Module Herkunft'!G3,"; ",'Module Herkunft'!$H$1,": ",'Module Herkunft'!H3,"; ",'Module Herkunft'!$I$1,": ",'Module Herkunft'!I3,"; ",'Module Herkunft'!$J$1,": ",'Module Herkunft'!J3,"}") -> {Advanced Practice in Healthcare: 0; Intensive Care: 48; Governance Sozialer Arbeit: 0; Soziale Arbeit in der Migrationsgesellschaft: 0; Informatik: 0; Integrated Engineering: 0; Accounting, Controlling, Taxation: 0; Digital Business Management: 0} | S3: 6 | T3: 5
A4: Governance Sozialer Arbeit | B4: Sozialwesen | C4: 15 | D4: 10 | E4: 14 | F4: 5 | G4: 64 | H4: 55 | I4: 51 | J4: 45 | K4: =CONCATENATE("{DHBW: ", Vorstudium!C4,"; ","Hochschule: ",Vorstudium!D4,"; ","Universität: ",Vorstudium!E4,"; ","Ausland/k.A.: ",Vorstudium!F4,"}") -> {DHBW: 0,727272727272727; Hochschule: 0,181818181818182; Universität: 0,0909090909090909; Ausland/k.A.: 0} | L4: 0.903 | M4: 4.8571429 | N4: 3.0460526 | O4: 27.613636 | P4: =CONCATENATE("{",'Doz-Herkunft'!$C$1,": ",'Doz-Herkunft'!C4,"; ",'Doz-Herkunft'!$D$1,": ",'Doz-Herkunft'!D4,"; ",'Doz-Herkunft'!$E$1,": ",'Doz-Herkunft'!E4,"; ",'Doz-Herkunft'!$F$1,": ",'Doz-Herkunft'!F4,"; ",'Doz-Herkunft'!$G$1,": ",'Doz-Herkunft'!G4,"; ",'Doz-Herkunft'!$H$1,": ",'Doz-Herkunft'!H4,"; ",'Doz-Herkunft'!$I$1,": ",'Doz-Herkunft'!I4,"; ",'Doz-Herkunft'!$J$1,": ",'Doz-Herkunft'!J4,"}") -> {DHBW: 154; andere Hochschule: 8; Forschungsinstitut: 24; freiberufl./selbst.: 99,4; Öffentliche Einrichtung: 0; Rechtsanwalt / StB/ Richter: 8; Soz. Einrichtung / Verbände: 8; Unternehmen: 32} | Q4: =CONCATENATE("{",'Module SG'!$C$1,": ",'Module SG'!C4,"; ",'Module SG'!$D$1,": ",'Module SG'!D4,"; ",'Module SG'!$E$1,": ",'Module SG'!E4,"; ",'Module SG'!$F$1,": ",'Module SG'!F4,"; ",'Module SG'!$G$1,": ",'Module SG'!G4,"; ",'Module SG'!$H$1,": ",'Module SG'!H4,"; ",'Module SG'!$I$1,": ",'Module SG'!I4,"; ",'Module SG'!$J$1,": ",'Module SG'!J4,"}") -> {Advanced Practice in Healthcare: 1; Intensive Care: 0; Governance Sozialer Arbeit: 184; Soziale Arbeit in der Migrationsgesellschaft: 11; Informatik: 0; Integrated Engineering: 0; Accounting, Controlling, Taxation: 0; Digital Business Management: 0} | R4: =CONCATENATE("{",'Module Herkunft'!$C$1,": ",'Module Herkunft'!C4,"; ",'Module Herkunft'!$D$1,": ",'Module Herkunft'!D4,"; ",'Module Herkunft'!$E$1,": ",'Module Herkunft'!E4,"; ",'Module Herkunft'!$F$1,": ",'Module Herkunft'!F4,"; ",'Module Herkunft'!$G$1,": ",'Module Herkunft'!G4,"; ",'Module Herkunft'!$H$1,": ",'Module Herkunft'!H4,"; ",'Module Herkunft'!$I$1,": ",'Module Herkunft'!I4,"; ",'Module Herkunft'!$J$1,": ",'Module Herkunft'!J4,"}") -> {Advanced Practice in Healthcare: 0; Intensive Care: 0; Governance Sozialer Arbeit: 184; Soziale Arbeit in der Migrationsgesellschaft: 4; Informatik: 0; Integrated Engineering: 0; Accounting, Controlling, Taxation: 0; Digital Business Management: 0} | S4: 8.7 | T4: 7
A5: Soziale Arbeit in der Migrationsgesellschaft | B5: Sozialwesen | C5: 7 | D5: 8 | E5: 4 | F5: 6 | G5: 32 | H5: 31 | I5: 30 | J5: 25 | K5: =CONCATENATE("{DHBW: ", Vorstudium!C5,"; ","Hochschule: ",Vorstudium!D5,"; ","Universität: ",Vorstudium!E5,"; ","Ausland/k.A.: ",Vorstudium!F5,"}") -> {DHBW: 0,12; Hochschule: 0,48; Universität: 0,28; Ausland/k.A.: 0,12} | L5: 0.93 | M5: 5.3333333 | N5: 4.2992424 | O5: 33.32 | P5: =CONCATENATE("{",'Doz-Herkunft'!$C$1,": ",'Doz-Herkunft'!C5,"; ",'Doz-Herkunft'!$D$1,": ",'Doz-Herkunft'!D5,"; ",'Doz-Herkunft'!$E$1,": ",'Doz-Herkunft'!E5,"; ",'Doz-Herkunft'!$F$1,": ",'Doz-Herkunft'!F5,"; ",'Doz-Herkunft'!$G$1,": ",'Doz-Herkunft'!G5,"; ",'Doz-Herkunft'!$H$1,": ",'Doz-Herkunft'!H5,"; ",'Doz-Herkunft'!$I$1,": ",'Doz-Herkunft'!I5,"; ",'Doz-Herkunft'!$J$1,": ",'Doz-Herkunft'!J5,"}") -> {DHBW: 222; andere Hochschule: 64; Forschungsinstitut: 37; freiberufl./selbst.: 24; Öffentliche Einrichtung: 0; Rechtsanwalt / StB/ Richter: 0; Soz. Einrichtung / Verbände: 42; Unternehmen: 0} | Q5: =CONCATENATE("{",'Module SG'!$C$1,": ",'Module SG'!C5,"; ",'Module SG'!$D$1,": ",'Module SG'!D5,"; ",'Module SG'!$E$1,": ",'Module SG'!E5,"; ",'Module SG'!$F$1,": ",'Module SG'!F5,"; ",'Module SG'!$G$1,": ",'Module SG'!G5,"; ",'Module SG'!$H$1,": ",'Module SG'!H5,"; ",'Module SG'!$I$1,": ",'Module SG'!I5,"; ",'Module SG'!$J$1,": ",'Module SG'!J5,"}") -> {Advanced Practice in Healthcare: 0; Intensive Care: 0; Governance Sozialer Arbeit: 17; Soziale Arbeit in der Migrationsgesellschaft: 114; Informatik: 0; Integrated Engineering: 0; Accounting, Controlling, Taxation: 0; Digital Business Management: 0} | R5: =CONCATENATE("{",'Module Herkunft'!$C$1,": ",'Module Herkunft'!C5,"; ",'Module Herkunft'!$D$1,": ",'Module Herkunft'!D5,"; ",'Module Herkunft'!$E$1,": ",'Module Herkunft'!E5,"; ",'Module Herkunft'!$F$1,": ",'Module Herkunft'!F5,"; ",'Module Herkunft'!$G$1,": ",'Module Herkunft'!G5,"; ",'Module Herkunft'!$H$1,": ",'Module Herkunft'!H5,"; ",'Module Herkunft'!$I$1,": ",'Module Herkunft'!I5,"; ",'Module Herkunft'!$J$1,": ",'Module Herkunft'!J5,"}") -> {Advanced Practice in Healthcare: 0; Intensive Care: 0; Governance Sozialer Arbeit: 11; Soziale Arbeit in der Migrationsgesellschaft: 67; Informatik: 0; Integrated Engineering: 0; Accounting, Controlling, Taxation: 0; Digital Business Management: 0} | S5: 5.8 | T5: 4
A6: Informatik | B6: Technik | C6: 22 | D6: 29 | E6: 38 | F6: 27 | G6: 110 | H6: 100 | I6: 115 | J6: 118 | K6: =CONCATENATE("{DHBW: ", Vorstudium!C6,"; ","Hochschule: ",Vorstudium!D6,"; ","Universität: ",Vorstudium!E6,"; ","Ausland/k.A.: ",Vorstudium!F6,"}") -> {DHBW: 0,689655172413793; Hochschule: 0,198275862068966; Universität: 0,0775862068965517; Ausland/k.A.: 0,0344827586206897} | L6: 0.832 | M6: 5.125 | N6: 1.7484424 | O6: 25.008621 | P6: =CONCATENATE("{",'Doz-Herkunft'!$C$1,": ",'Doz-Herkunft'!C6,"; ",'Doz-Herkunft'!$D$1,": ",'Doz-Herkunft'!D6,"; ",'Doz-Herkunft'!$E$1,": ",'Doz-Herkunft'!E6,"; ",'Doz-Herkunft'!$F$1,": ",'Doz-Herkunft'!F6,"; ",'Doz-Herkunft'!$G$1,": ",'Doz-Herkunft'!G6,"; ",'Doz-Herkunft'!$H$1,": ",'Doz-Herkunft'!H6,"; ",'Doz-Herkunft'!$I$1,": ",'Doz-Herkunft'!I6,"; ",'Doz-Herkunft'!$J$1,": ",'Doz-Herkunft'!J6,"}") -> {DHBW: 800; andere Hochschule: 56; Forschungsinstitut: 72; freiberufl./selbst.: 96; Öffentliche Einrichtung: 0; Rechtsanwalt / StB/ Richter: 0; Soz. Einrichtung / Verbände: 0; Unternehmen: 0} | Q6: =CONCATENATE("{",'Module SG'!$C$1,": ",'Module SG'!C6,"; ",'Module SG'!$D$1,": ",'Module SG'!D6,"; ",'Module SG'!$E$1,": ",'Module SG'!E6,"; ",'Module SG'!$F$1,": ",'Module SG'!F6,"; ",'Module SG'!$G$1,": ",'Module SG'!G6,"; ",'Module SG'!$H$1,": ",'Module SG'!H6,"; ",'Module SG'!$I$1,": ",'Module SG'!I6,"; ",'Module SG'!$J$1,": ",'Module SG'!J6,"}") -> {Advanced Practice in Healthcare: 0; Intensive Care: 0; Governance Sozialer Arbeit: 0; Soziale Arbeit in der Migrationsgesellschaft: 0; Informatik: 386; Integrated Engineering: 13; Accounting, Controlling, Taxation: 0; Digital Business Management: 0} | R6: =CONCATENATE("{",'Module Herkunft'!$C$1,": ",'Module Herkunft'!C6,"; ",'Module Herkunft'!$D$1,": ",'Module Herkunft'!D6,"; ",'Module Herkunft'!$E$1,": ",'Module Herkunft'!E6,"; ",'Module Herkunft'!$F$1,": ",'Module Herkunft'!F6,"; ",'Module Herkunft'!$G$1,": ",'Module Herkunft'!G6,"; ",'Module Herkunft'!$H$1,": ",'Module Herkunft'!H6,"; ",'Module Herkunft'!$I$1,": ",'Module Herkunft'!I6,"; ",'Module Herkunft'!$J$1,": ",'Module Herkunft'!J6,"}") -> {Advanced Practice in Healthcare: 0; Intensive Care: 0; Governance Sozialer Arbeit: 0; Soziale Arbeit in der Migrationsgesellschaft: 0; Informatik: 386; Integrated Engineering: 65; Accounting, Controlling, Taxation: 0; Digital Business Management: 2} | S6: 18 | T6: 9
A7: Integrated Engineering | B7: Technik | C7: 28 | D7: 22 | E7: 43 | F7: 17 | G7: 129 | H7: 116 | I7: 120 | J7: 117 | K7: =CONCATENATE("{DHBW: ", Vorstudium!C7,"; ","Hochschule: ",Vorstudium!D7,"; ","Universität: ",Vorstudium!E7,"; ","Ausland/k.A.: ",Vorstudium!F7,"}") -> {DHBW: 0,736363636363636; Hochschule: 0,218181818181818; Universität: 0; Ausland/k.A.: 0,0454545454545455} | L7: 0.988 | M7: 4.5454545 | N7: 3.0290881 | O7: 26.618182 | P7: =CONCATENATE("{",'Doz-Herkunft'!$C$1,": ",'Doz-Herkunft'!C7,"; ",'Doz-Herkunft'!$D$1,": ",'Doz-Herkunft'!D7,"; ",'Doz-Herkunft'!$E$1,": ",'Doz-Herkunft'!E7,"; ",'Doz-Herkunft'!$F$1,": ",'Doz-Herkunft'!F7,"; ",'Doz-Herkunft'!$G$1,": ",'Doz-Herkunft'!G7,"; ",'Doz-Herkunft'!$H$1,": ",'Doz-Herkunft'!H7,"; ",'Doz-Herkunft'!$I$1,": ",'Doz-Herkunft'!I7,"; ",'Doz-Herkunft'!$J$1,": ",'Doz-Herkunft'!J7,"}") -> {DHBW: 524; andere Hochschule: 36; Forschungsinstitut: 32; freiberufl./selbst.: 40; Öffentliche Einrichtung: 0; Rechtsanwalt / StB/ Richter: 0; Soz. Einrichtung / Verbände: 0; Unternehmen: 0} | Q7: =CONCATENATE("{",'Module SG'!$C$1,": ",'Module SG'!C7,"; ",'Module SG'!$D$1,": ",'Module SG'!D7,"; ",'Module SG'!$E$1,": ",'Module SG'!E7,"; ",'Module SG'!$F$1,": ",'Module SG'!F7,"; ",'Module SG'!$G$1,": ",'Module SG'!G7,"; ",'Module SG'!$H$1,": ",'Module SG'!H7,"; ",'Module SG'!$I$1,": ",'Module SG'!I7,"; ",'Module SG'!$J$1,": ",'Module SG'!J7,"}") -> {Advanced Practice in Healthcare: 0; Intensive Care: 0; Governance Sozialer Arbeit: 0; Soziale Arbeit in der Migrationsgesellschaft: 0; Informatik: 65; Integrated Engineering: 150; Accounting, Controlling, Taxation: 0; Digital Business Management: 5} | R7: =CONCATENATE("{",'Module Herkunft'!$C$1,": ",'Module Herkunft'!C7,"; ",'Module Herkunft'!$D$1,": ",'Module Herkunft'!D7,"; ",'Module Herkunft'!$E$1,": ",'Module Herkunft'!E7,"; ",'Module Herkunft'!$F$1,": ",'Module Herkunft'!F7,"; ",'Module Herkunft'!$G$1,": ",'Module Herkunft'!G7,"; ",'Module Herkunft'!$H$1,": ",'Module Herkunft'!H7,"; ",'Module Herkunft'!$I$1,": ",'Module Herkunft'!I7,"; ",'Module Herkunft'!$J$1,": ",'Module Herkunft'!J7,"}") -> {Advanced Practice in Healthcare: 0; Intensive Care: 0; Governance Sozialer Arbeit: 0; Soziale Arbeit in der Migrationsgesellschaft: 0; Informatik: 13; Integrated Engineering: 150; Accounting, Controlling, Taxation: 0; Digital Business Management: 0} | S7: 22.2 | T7: 5
A8: Accounting, Controlling, Taxation | B8: Wirtschaft | C8: 37 | D8: 21 | E8: 20 | F8: 17 | G8: 40 | H8: 66 | I8: 74 | J8: 63 | K8: =CONCATENATE("{DHBW: ", Vorstudium!C8,"; ","Hochschule: ",Vorstudium!D8,"; ","Universität: ",Vorstudium!E8,"; ","Ausland/k.A.: ",Vorstudium!F8,"}") -> {DHBW: 0,610526315789474; Hochschule: 0,326315789473684; Universität: 0,0526315789473684; Ausland/k.A.: 0,0105263157894737} | L8: 0.83333333 | M8: 4.0857143 | N8: 2.9435484 | O8: 26.705263 | P8: =CONCATENATE("{",'Doz-Herkunft'!$C$1,": ",'Doz-Herkunft'!C8,"; ",'Doz-Herkunft'!$D$1,": ",'Doz-Herkunft'!D8,"; ",'Doz-Herkunft'!$E$1,": ",'Doz-Herkunft'!E8,"; ",'Doz-Herkunft'!$F$1,": ",'Doz-Herkunft'!F8,"; ",'Doz-Herkunft'!$G$1,": ",'Doz-Herkunft'!G8,"; ",'Doz-Herkunft'!$H$1,": ",'Doz-Herkunft'!H8,"; ",'Doz-Herkunft'!$I$1,": ",'Doz-Herkunft'!I8,"; ",'Doz-Herkunft'!$J$1,": ",'Doz-Herkunft'!J8,"}") -> {DHBW: 441; andere Hochschule: 16; Forschungsinstitut: 0; freiberufl./selbst.: 0; Öffentliche Einrichtung: 0; Rechtsanwalt / StB/ Richter: 0; Soz. Einrichtung / Verbände: 0; Unternehmen: 10} | Q8: =CONCATENATE("{",'Module SG'!$C$1,": ",'Module SG'!C8,"; ",'Module SG'!$D$1,": ",'Module SG'!D8,"; ",'Module SG'!$E$1,": ",'Module SG'!E8,"; ",'Module SG'!$F$1,": ",'Module SG'!F8,"; ",'Module SG'!$G$1,": ",'Module SG'!G8,"; ",'Module SG'!$H$1,": ",'Module SG'!H8,"; ",'Module SG'!$I$1,": ",'Module SG'!I8,"; ",'Module SG'!$J$1,": ",'Module SG'!J8,"}") -> {Advanced Practice in Healthcare: 0; Intensive Care: 0; Governance Sozialer Arbeit: 0; Soziale Arbeit in der Migrationsgesellschaft: 0; Informatik: 0; Integrated Engineering: 1; Accounting, Controlling, Taxation: 268; Digital Business Management: 5} | R8: =CONCATENATE("{",'Module Herkunft'!$C$1,": ",'Module Herkunft'!C8,"; ",'Module Herkunft'!$D$1,": ",'Module Herkunft'!D8,"; ",'Module Herkunft'!$E$1,": ",'Module Herkunft'!E8,"; ",'Module Herkunft'!$F$1,": ",'Module Herkunft'!F8,"; ",'Module Herkunft'!$G$1,": ",'Module Herkunft'!G8,"; ",'Module Herkunft'!$H$1,": ",'Module Herkunft'!H8,"; ",'Module Herkunft'!$I$1,": ",'Module Herkunft'!I8,"; ",'Module Herkunft'!$J$1,": ",'Module Herkunft'!J8,"}") -> {Advanced Practice in Healthcare: 0; Intensive Care: 0; Governance Sozialer Arbeit: 0; Soziale Arbeit in der Migrationsgesellschaft: 0; Informatik: 0; Integrated Engineering: 0; Accounting, Controlling, Taxation: 268; Digital Business Management: 54} | S8: 13.3 | T8: 7
A9: Digital Business Management | B9: Wirtschaft | C9: 26 | D9: 22 | E9: 20 | F9: 10 | G9: 27 | H9: 53 | I9: 62 | J9: 60 | K9: =CONCATENATE("{DHBW: ", Vorstudium!C9,"; ","Hochschule: ",Vorstudium!D9,"; ","Universität: ",Vorstudium!E9,"; ","Ausland/k.A.: ",Vorstudium!F9,"}") -> {DHBW: 0,653846153846154; Hochschule: 0,256410256410256; Universität: 0,0641025641025641; Ausland/k.A.: 0,0256410256410256} | L9: 0.93103448 | M9: 4.5925926 | N9: 2.537037 | O9: 26.717949 | P9: =CONCATENATE("{",'Doz-Herkunft'!$C$1,": ",'Doz-Herkunft'!C9,"; ",'Doz-Herkunft'!$D$1,": ",'Doz-Herkunft'!D9,"; ",'Doz-Herkunft'!$E$1,": ",'Doz-Herkunft'!E9,"; ",'Doz-Herkunft'!$F$1,": ",'Doz-Herkunft'!F9,"; ",'Doz-Herkunft'!$G$1,": ",'Doz-Herkunft'!G9,"; ",'Doz-Herkunft'!$H$1,": ",'Doz-Herkunft'!H9,"; ",'Doz-Herkunft'!$I$1,": ",'Doz-Herkunft'!I9,"; ",'Doz-Herkunft'!$J$1,": ",'Doz-Herkunft'!J9,"}") -> {DHBW: 410; andere Hochschule: 0; Forschungsinstitut: 0; freiberufl./selbst.: 0; Öffentliche Einrichtung: 0; Rechtsanwalt / StB/ Richter: 0; Soz. Einrichtung / Verbände: 0; Unternehmen: 8} | Q9: =CONCATENATE("{",'Module SG'!$C$1,": ",'Module SG'!C9,"; ",'Module SG'!$D$1,": ",'Module SG'!D9,"; ",'Module SG'!$E$1,": ",'Module SG'!E9,"; ",'Module SG'!$F$1,": ",'Module SG'!F9,"; ",'Module SG'!$G$1,": ",'Module SG'!G9,"; ",'Module SG'!$H$1,": ",'Module SG'!H9,"; ",'Module SG'!$I$1,": ",'Module SG'!I9,"; ",'Module SG'!$J$1,": ",'Module SG'!J9,"}") -> {Advanced Practice in Healthcare: 0; Intensive Care: 0; Governance Sozialer Arbeit: 0; Soziale Arbeit in der Migrationsgesellschaft: 0; Informatik: 2; Integrated Engineering: 0; Accounting, Controlling, Taxation: 54; Digital Business Management: 187} | R9: =CONCATENATE("{",'Module Herkunft'!$C$1,": ",'Module Herkunft'!C9,"; ",'Module Herkunft'!$D$1,": ",'Module Herkunft'!D9,"; ",'Module Herkunft'!$E$1,": ",'Module Herkunft'!E9,"; ",'Module Herkunft'!$F$1,": ",'Module Herkunft'!F9,"; ",'Module Herkunft'!$G$1,": ",'Module Herkunft'!G9,"; ",'Module Herkunft'!$H$1,": ",'Module Herkunft'!H9,"; ",'Module Herkunft'!$I$1,": ",'Module Herkunft'!I9,"; ",'Module Herkunft'!$J$1,": ",'Module Herkunft'!J9,"}") -> {Advanced Practice in Healthcare: 0; Intensive Care: 0; Governance Sozialer Arbeit: 0; Soziale Arbeit in der Migrationsgesellschaft: 0; Informatik: 0; Integrated Engineering: 5; Accounting, Controlling, Taxation: 5; Digital Business Management: 187} | S9: 16.1 | T9: 8

Sheet Vorstudium
A1: Studiengang | B1: Fachbereich | C1: DHBW | D1: Hochschule | E1: Universität | F1: Ausland/k.A.
A2: Advanced Practice in Healthcare | B2: Gesundheit | C2: 0.66666667 | D2: 0.22222222 | E2: 0.074074074 | F2: 0.037037037
A3: Intensive Care | B3: Gesundheit | C3: 0.5 | D3: 0.33333333 | E3: 0 | F3: 0.16666667
A4: Governance Sozialer Arbeit | B4: Sozialwesen | C4: 0.72727273 | D4: 0.18181818 | E4: 0.090909091 | F4: 0
A5: Soziale Arbeit in der Migrationsgesellschaft | B5: Sozialwesen | C5: 0.12 | D5: 0.48 | E5: 0.28 | F5: 0.12
A6: Informatik | B6: Technik | C6: 0.68965517 | D6: 0.19827586 | E6: 0.077586207 | F6: 0.034482759
A7: Integrated Engineering | B7: Technik | C7: 0.73636364 | D7: 0.21818182 | E7: 0 | F7: 0.045454545
A8: Accounting, Controlling, Taxation | B8: Wirtschaft | C8: 0.61052632 | D8: 0.32631579 | E8: 0.052631579 | F8: 0.010526316
A9: Digital Business Management | B9: Wirtschaft | C9: 0.65384615 | D9: 0.25641026 | E9: 0.064102564 | F9: 0.025641026

Sheet Doz-Herkunft
A1: Studiengang | B1: Fachbereich | C1: DHBW | D1: andere Hochschule | E1: Forschungsinstitut | F1: freiberufl./selbst. | G1: Öffentliche Einrichtung | H1: Rechtsanwalt / StB/ Richter | I1: Soz. Einrichtung / Verbände | J1: Unternehmen
A2: Advanced Practice in Healthcare | B2: Gesundheit | C2: 352 | D2: 154 | E2: 0 | F2: 64 | G2: 68 | H2: 0 | I2: 0 | J2: 8
A3: Intensive Care | B3: Gesundheit | C3: 49 | D3: 0 | E3: 0 | F3: 40 | G3: 36 | H3: 0 | I3: 0 | J3: 0
A4: Governance Sozialer Arbeit | B4: Sozialwesen | C4: 154 | D4: 8 | E4: 24 | F4: 99.4 | G4: 0 | H4: 8 | I4: 8 | J4: 32
A5: Soziale Arbeit in der Migrationsgesellschaft | B5: Sozialwesen | C5: 222 | D5: 64 | E5: 37 | F5: 24 | G5: 0 | H5: 0 | I5: 42 | J5: 0
A6: Informatik | B6: Technik | C6: 800 | D6: 56 | E6: 72 | F6: 96 | G6: 0 | H6: 0 | I6: 0 | J6: 0
A7: Integrated Engineering | B7: Technik | C7: 524 | D7: 36 | E7: 32 | F7: 40 | G7: 0 | H7: 0 | I7: 0 | J7: 0
A8: Accounting, Controlling, Taxation | B8: Wirtschaft | C8: 441 | D8: 16 | E8: 0 | F8: 0 | G8: 0 | H8: 0 | I8: 0 | J8: 10
A9: Digital Business Management | B9: Wirtschaft | C9: 410 | D9: 0 | E9: 0 | F9: 0 | G9: 0 | H9: 0 | I9: 0 | J9: 8

Sheet Module SG
A1: Studiengang | B1: Fachbereich | C1: Advanced Practice in Healthcare | D1: Intensive Care | E1: Governance Sozialer Arbeit | F1: Soziale Arbeit in der Migrationsgesellschaft | G1: Informatik | H1: Integrated Engineering | I1: Accounting, Controlling, Taxation | J1: Digital Business Management
A2: Advanced Practice in Healthcare | B2: Gesundheit | C2: 286 | D2: 0 | E2: 0 | F2: 0 | G2: 0 | H2: 0 | I2: 0 | J2: 0
A3: Intensive Care | B3: Gesundheit | C3: 0 | D3: 48 | E3: 0 | F3: 0 | G3: 0 | H3: 0 | I3: 0 | J3: 0
A4: Governance Sozialer Arbeit | B4: Sozialwesen | C4: 1 | D4: 0 | E4: 184 | F4: 11 | G4: 0 | H4: 0 | I4: 0 | J4: 0
A5: Soziale Arbeit in der Migrationsgesellschaft | B5: Sozialwesen | C5: 0 | D5: 0 | E5: 17 | F5: 114 | G5: 0 | H5: 0 | I5: 0 | J5: 0
A6: Informatik | B6: Technik | C6: 0 | D6: 0 | E6: 0 | F6: 0 | G6: 386 | H6: 13 | I6: 0 | J6: 0
A7: Integrated Engineering | B7: Technik | C7: 0 | D7: 0 | E7: 0 | F7: 0 | G7: 65 | H7: 150 | I7: 0 | J7: 5
A8: Accounting, Controlling, Taxation | B8: Wirtschaft | C8: 0 | D8: 0 | E8: 0 | F8: 0 | G8: 0 | H8: 1 | I8: 268 | J8: 5
A9: Digital Business Management | B9: Wirtschaft | C9: 0 | D9: 0 | E9: 0 | F9: 0 | G9: 2 | H9: 0 | I9: 54 | J9: 187

Sheet Module Herkunft
A1: Studiengang | B1: Fachbereich | C1: Advanced Practice in Healthcare | D1: Intensive Care | E1: Governance Sozialer Arbeit | F1: Soziale Arbeit in der Migrationsgesellschaft | G1: Informatik | H1: Integrated Engineering | I1: Accounting, Controlling, Taxation | J1: Digital Business Management
A2: Advanced Practice in Healthcare | B2: Gesundheit | C2: 286 | E2: 1 | F2: 0 | G2: 0 | H2: 0 | I2: 0 | J2: 0
A3: Intensive Care | B3: Gesundheit | C3: 0 | D3: 48 | E3: 0 | F3: 0 | G3: 0 | H3: 0 | I3: 0 | J3: 0
A4: Governance Sozialer Arbeit | B4: Sozialwesen | C4: 0 | D4: 0 | E4: 184 | F4: 4 | G4: 0 | H4: 0 | I4: 0 | J4: 0
A5: Soziale Arbeit in der Migrationsgesellschaft | B5: Sozialwesen | C5: 0 | D5: 0 | E5: 11 | F5: 67 | G5: 0 | H5: 0 | I5: 0 | J5: 0
A6: Informatik | B6: Technik | C6: 0 | D6: 0 | E6: 0 | F6: 0 | G6: 386 | H6: 65 | I6: 0 | J6: 2
A7: Integrated Engineering | B7: Technik | C7: 0 | D7: 0 | E7: 0 | F7: 0 | G7: 13 | H7: 150 | I7: 0 | J7: 0
A8: Accounting, Controlling, Taxation | B8: Wirtschaft | C8: 0 | D8: 0 | E8: 0 | F8: 0 | G8: 0 | H8: 0 | I8: 268 | J8: 54
A9: Digital Business Management | B9: Wirtschaft | C9: 0 | D9: 0 | E9: 0 | F9: 0 | G9: 0 | H9: 5 | I9: 5 | J9: 187

Sheet Infos
A1: quelle. Studierendenstatistik 2024.09.27 - für SG und FB Präsis
