Workbook

Sheet Importtabelle
A1: Studiengang | B1: Fachbereich | C1: Studienanfänger -4 | D1: Studienanfänger -3 | E1: Studienanfänger -2 | F1: Studienanfänger -1 | G1: Immatrikulierte Studierende -4 | H1: Immatrikulierte Studierende -3 | I1: Immatrikulierte Studierende -2 | J1: Immatrikulierte Studierende -1 | K1: Hochschultyp des Vorstudiums der Studienanfänger [PROFIL] | L1: Erfolgsquote der Studierenden | M1: Anzahl der fürs Studium benötigten Fachsemester | N1: Berufserfahrung der Studienanfänger | O1: Alter zum Beginn des Studiums | P1: Herkunft Dozent (Anteil an Lehrveranstaltungsstunden) [Profil] | Q1: In welchen Studiengängen belegen die Studierenden Module?Studiengang? [Profil] | R1: Aus welchem Studiengang kommen die Modulteilnehmer? [Profil] | S1: Durchschnittliche Modulbelegung
A2: Advanced Practice in Healthcare | B2: Gesundheit | C2: 22 | D2: 15 | E2: 17 | F2: 15 | G2: 22 | H2: 35 | I2: 52 | J2: 51 | K2: {="{"&_xlfn.TEXTJOIN("; ",TRUE,Vorstudium!C$1:F$1&": "&Vorstudium!C2:F2)&"}"} -> {DHBW: 7; Hochschule: 6; Universität: 1; Ausland/k.A.: 1} | L2: 0.88888889 | M2: 5.125 | N2: 2.8555556 | O2: 34.866667 | P2: {="{"&_xlfn.TEXTJOIN("; ",TRUE,'Doz-Herkunft'!C$1:J$1&": "&'Doz-Herkunft'!C2:J2)&"}"} -> {DHBW: 978; andere Hochschule: 306; Forschungsinstitut: ; freiberufl./selbst.: 108; Öffentliche Einrichtung: 148; Rechtsanwalt / StB/ Richter: ; Soz. Einrichtung / Verbände: 48; Unternehmen: 16} | Q2: {=_xlfn.LET( _xlpm.keys,Lehrverflechtung!$B$2:$B$30, _xlpm.k,ROW()-1, _xlpm.vals,INDEX(Lehrverflechtung!$C$2:$AE$30,_xlfn.SEQUENCE(29),_xlpm.k), IF(_xlpm.k>29,"","{"&_xlfn.TEXTJOIN("; ",TRUE,_xlpm.keys&": "&_xlpm.vals)&"}") )} -> {Advanced Practice in Healthcare: 280; Intensive Care: ; Digitalisierung in der Sozialen Arbeit: ; Governance Sozialer Arbeit: ; Planung und Koordination in der Sozialen Arbeit: ; Soziale Arbeit in der Migrationsgesellschaft: ; Transkulturelle Traumapädagogik: ; Bauingenieurwesen: ; Elektrotechnik und Informationstechnik: ; Executive Engineering: ; Informatik: ; Integrated Engineering: ; Maschinenbau: ; Wirtschaftsingenieurwesen: ; Accounting, Controlling, Taxation: ; Data Science and Artificial Intelligence: ; Digital Business Management: ; Entrepreneurship: ; Finance: ; General Business Management: ; Marketing: ; Master of Business Administration: ; Media and Data-driven Business: ; Personalmanagement und Wirtschaftspsychologie: ; Rechnungswesen Steuern Wirtschaftsrecht: ; Sales and Negotiation: ; Supply Chain Management, Logistics, Production: ; Wirtschaftsinformatik: ; Fachübergreifende Kompetenzen: 61} | R2: {="{"&_xlfn.TEXTJOIN("; ",TRUE,Lehrverflechtung!C$1:AF$1&": "&Lehrverflechtung!C2:AF2)&"}"} -> {Advanced Practice in Healthcare: 280; Intensive Care: ; Digitalisierung in der Sozialen Arbeit: ; Governance Sozialer Arbeit: 1; Planung und Koordination in der Sozialen Arbeit: ; Soziale Arbeit in der Migrationsgesellschaft: ; Transkulturelle Traumapädagogik: ; Bauingenieurwesen: ; Elektrotechnik und Informationstechnik: ; Executive Engineering: ; Informatik: ; Integrated Engineering: ; Maschinenbau: ; Wirtschaftsingenieurwesen: ; Accounting, Controlling, Taxation: ; Data Science and Artificial Intelligence: ; Digital Business Management: ; Entrepreneurship: ; Finance: ; General Business Management: ; Marketing: ; Master of Business Administration: ; Media and Data-driven Business: ; Personalmanagement und Wirtschaftspsychologie: ; Rechnungswesen Steuern Wirtschaftsrecht: ; Sales and Negotiation: ; Supply Chain Management, Logistics, Production: ; Wirtschaftsinformatik: ; Fachübergreifende Kompetenzen: ; Wissenschaftliche Weiterbildung: 62} | S2: 8.5
A3: Intensive Care | B3: Gesundheit | C3: 0 | D3: 0 | E3: 6 | F3: 13 | G3: 0 | H3: 0 | I3: 6 | J3: 19 | K3: {="{"&_xlfn.TEXTJOIN("; ",TRUE,Vorstudium!C$1:F$1&": "&Vorstudium!C3:F3)&"}"} -> {DHBW: 7; Hochschule: 5; Universität: ; Ausland/k.A.: 1} | N3: 2.2307692 | O3: 28.923077 | P3: {="{"&_xlfn.TEXTJOIN("; ",TRUE,'Doz-Herkunft'!C$1:J$1&": "&'Doz-Herkunft'!C3:J3)&"}"} -> {DHBW: 132; andere Hochschule: 52; Forschungsinstitut: 16; freiberufl./selbst.: 92; Öffentliche Einrichtung: 316; Rechtsanwalt / StB/ Richter: ; Soz. Einrichtung / Verbände: ; Unternehmen: 16} | Q3: {=_xlfn.LET( _xlpm.keys,Lehrverflechtung!$B$2:$B$31, _xlpm.k,ROW()-1, _xlpm.vals,INDEX(Lehrverflechtung!$C$2:$AF$31,_xlfn.SEQUENCE(30),_xlpm.k), IF(_xlpm.k>30,"","{"&_xlfn.TEXTJOIN("; ",TRUE,_xlpm.keys&": "&_xlpm.vals)&"}") )} -> {Advanced Practice in Healthcare: ; Intensive Care: 96; Digitalisierung in der Sozialen Arbeit: ; Governance Sozialer Arbeit: ; Planung und Koordination in der Sozialen Arbeit: ; Soziale Arbeit in der Migrationsgesellschaft: ; Transkulturelle Traumapädagogik: ; Bauingenieurwesen: ; Elektrotechnik und Informationstechnik: ; Executive Engineering: ; Informatik: ; Integrated Engineering: ; Maschinenbau: ; Wirtschaftsingenieurwesen: ; Accounting, Controlling, Taxation: ; Data Science and Artificial Intelligence: ; Digital Business Management: ; Entrepreneurship: ; Finance: ; General Business Management: ; Marketing: ; Master of Business Administration: ; Media and Data-driven Business: ; Personalmanagement und Wirtschaftspsychologie: ; Rechnungswesen Steuern Wirtschaftsrecht: ; Sales and Negotiation: ; Supply Chain Management, Logistics, Production: ; Wirtschaftsinformatik: ; Fachübergreifende Kompetenzen: ; Wissenschaftliche Weiterbildung: } | R3: {="{"&_xlfn.TEXTJOIN("; ",TRUE,Lehrverflechtung!C$1:AF$1&": "&Lehrverflechtung!C3:AF3)&"}"} -> {Advanced Practice in Healthcare: ; Intensive Care: 96; Digitalisierung in der Sozialen Arbeit: ; Governance Sozialer Arbeit: ; Planung und Koordination in der Sozialen Arbeit: ; Soziale Arbeit in der Migrationsgesellschaft: ; Transkulturelle Traumapädagogik: ; Bauingenieurwesen: ; Elektrotechnik und Informationstechnik: ; Executive Engineering: ; Informatik: ; Integrated Engineering: ; Maschinenbau: ; Wirtschaftsingenieurwesen: ; Accounting, Controlling, Taxation: ; Data Science and Artificial Intelligence: ; Digital Business Management: ; Entrepreneurship: ; Finance: ; General Business Management: ; Marketing: ; Master of Business Administration: ; Media and Data-driven Business: ; Personalmanagement und Wirtschaftspsychologie: ; Rechnungswesen Steuern Wirtschaftsrecht: ; Sales and Negotiation: ; Supply Chain Management, Logistics, Production: ; Wirtschaftsinformatik: ; Fachübergreifende Kompetenzen: ; Wissenschaftliche Weiterbildung: 4} | S3: 12.75
A4: Digitalisierung in der Sozialen Arbeit | B4: Sozialwesen | C4: 17 | D4: 3 | E4: 10 | F4: 4 | G4: 22 | H4: 23 | I4: 32 | J4: 26 | K4: {="{"&_xlfn.TEXTJOIN("; ",TRUE,Vorstudium!C$1:F$1&": "&Vorstudium!C4:F4)&"}"} -> {DHBW: 3; Hochschule: 1; Universität: ; Ausland/k.A.: } | L4: 0.92307692 | M4: 5.5 | N4: 3.3333333 | O4: 29 | P4: {="{"&_xlfn.TEXTJOIN("; ",TRUE,'Doz-Herkunft'!C$1:J$1&": "&'Doz-Herkunft'!C4:J4)&"}"} -> {DHBW: 404; andere Hochschule: 162; Forschungsinstitut: ; freiberufl./selbst.: 144; Öffentliche Einrichtung: 80; Rechtsanwalt / StB/ Richter: ; Soz. Einrichtung / Verbände: ; Unternehmen: } | Q4: {=_xlfn.LET( _xlpm.keys,Lehrverflechtung!$B$2:$B$31, _xlpm.k,ROW()-1, _xlpm.vals,INDEX(Lehrverflechtung!$C$2:$AF$31,_xlfn.SEQUENCE(30),_xlpm.k), IF(_xlpm.k>30,"","{"&_xlfn.TEXTJOIN("; ",TRUE,_xlpm.keys&": "&_xlpm.vals)&"}") )} -> {Advanced Practice in Healthcare: ; Intensive Care: ; Digitalisierung in der Sozialen Arbeit: 121; Governance Sozialer Arbeit: 5; Planung und Koordination in der Sozialen Arbeit: 8; Soziale Arbeit in der Migrationsgesellschaft: 2; Transkulturelle Traumapädagogik: 1; Bauingenieurwesen: ; Elektrotechnik und Informationstechnik: ; Executive Engineering: ; Informatik: ; Integrated Engineering: ; Maschinenbau: ; Wirtschaftsingenieurwesen: ; Accounting, Controlling, Taxation: ; Data Science and Artificial Intelligence: ; Digital Business Management: 1; Entrepreneurship: ; Finance: ; General Business Management: ; Marketing: ; Master of Business Administration: ; Media and Data-driven Business: ; Personalmanagement und Wirtschaftspsychologie: ; Rechnungswesen Steuern Wirtschaftsrecht: ; Sales and Negotiation: ; Supply Chain Management, Logistics, Production: ; Wirtschaftsinformatik: 5; Fachübergreifende Kompetenzen: ; Wissenschaftliche Weiterbildung: } | R4: {="{"&_xlfn.TEXTJOIN("; ",TRUE,Lehrverflechtung!C$1:AF$1&": "&Lehrverflechtung!C4:AF4)&"}"} -> {Advanced Practice in Healthcare: ; Intensive Care: ; Digitalisierung in der Sozialen Arbeit: 121; Governance Sozialer Arbeit: 4; Planung und Koordination in der Sozialen Arbeit: 5; Soziale Arbeit in der Migrationsgesellschaft: 1; Transkulturelle Traumapädagogik: 1; Bauingenieurwesen: ; Elektrotechnik und Informationstechnik: ; Executive Engineering: ; Informatik: ; Integrated Engineering: ; Maschinenbau: ; Wirtschaftsingenieurwesen: ; Accounting, Controlling, Taxation: ; Data Science and Artificial Intelligence: ; Digital Business Management: ; Entrepreneurship: ; Finance: ; General Business Management: ; Marketing: ; Master of Business Administration: ; Media and Data-driven Business: ; Personalmanagement und Wirtschaftspsychologie: ; Rechnungswesen Steuern Wirtschaftsrecht: ; Sales and Negotiation: ; Supply Chain Management, Logistics, Production: ; Wirtschaftsinformatik: ; Fachübergreifende Kompetenzen: ; Wissenschaftliche Weiterbildung: 17} | S4: 6.6
A5: Governance Sozialer Arbeit | B5: Sozialwesen | C5: 10 | D5: 14 | E5: 5 | F5: 5 | G5: 55 | H5: 51 | I5: 45 | J5: 40 | K5: {="{"&_xlfn.TEXTJOIN("; ",TRUE,Vorstudium!C$1:F$1&": "&Vorstudium!C5:F5)&"}"} -> {DHBW: 3; Hochschule: 1; Universität: 1; Ausland/k.A.: } | L5: 0.9 | M5: 5.1369863 | N5: 2 | O5: 26.8 | P5: {="{"&_xlfn.TEXTJOIN("; ",TRUE,'Doz-Herkunft'!C$1:J$1&": "&'Doz-Herkunft'!C5:J5)&"}"} -> {DHBW: 638; andere Hochschule: 36; Forschungsinstitut: ; freiberufl./selbst.: 378; Öffentliche Einrichtung: ; Rechtsanwalt / StB/ Richter: 16; Soz. Einrichtung / Verbände: 48; Unternehmen: 64} | Q5: {=_xlfn.LET( _xlpm.keys,Lehrverflechtung!$B$2:$B$31, _xlpm.k,ROW()-1, _xlpm.vals,INDEX(Lehrverflechtung!$C$2:$AF$31,_xlfn.SEQUENCE(30),_xlpm.k), IF(_xlpm.k>30,"","{"&_xlfn.TEXTJOIN("; ",TRUE,_xlpm.keys&": "&_xlpm.vals)&"}") )} -> {Advanced Practice in Healthcare: 1; Intensive Care: ; Digitalisierung in der Sozialen Arbeit: 4; Governance Sozialer Arbeit: 101; Planung und Koordination in der Sozialen Arbeit: 9; Soziale Arbeit in der Migrationsgesellschaft: 5; Transkulturelle Traumapädagogik: 7; Bauingenieurwesen: ; Elektrotechnik und Informationstechnik: ; Executive Engineering: ; Informatik: ; Integrated Engineering: ; Maschinenbau: ; Wirtschaftsingenieurwesen: ; Accounting, Controlling, Taxation: ; Data Science and Artificial Intelligence: ; Digital Business Management: ; Entrepreneurship: ; Finance: ; General Business Management: ; Marketing: ; Master of Business Administration: ; Media and Data-driven Business: ; Personalmanagement und Wirtschaftspsychologie: ; Rechnungswesen Steuern Wirtschaftsrecht: ; Sales and Negotiation: ; Supply Chain Management, Logistics, Production: ; Wirtschaftsinformatik: ; Fachübergreifende Kompetenzen: ; Wissenschaftliche Weiterbildung: } | R5: {="{"&_xlfn.TEXTJOIN("; ",TRUE,Lehrverflechtung!C$1:AF$1&": "&Lehrverflechtung!C5:AF5)&"}"} -> {Advanced Practice in Healthcare: ; Intensive Care: ; Digitalisierung in der Sozialen Arbeit: 5; Governance Sozialer Arbeit: 101; Planung und Koordination in der Sozialen Arbeit: 18; Soziale Arbeit in der Migrationsgesellschaft: 1; Transkulturelle Traumapädagogik: 1; Bauingenieurwesen: ; Elektrotechnik und Informationstechnik: ; Executive Engineering: ; Informatik: ; Integrated Engineering: ; Maschinenbau: ; Wirtschaftsingenieurwesen: ; Accounting, Controlling, Taxation: ; Data Science and Artificial Intelligence: ; Digital Business Management: ; Entrepreneurship: ; Finance: ; General Business Management: ; Marketing: ; Master of Business Administration: ; Media and Data-driven Business: ; Personalmanagement und Wirtschaftspsychologie: ; Rechnungswesen Steuern Wirtschaftsrecht: ; Sales and Negotiation: ; Supply Chain Management, Logistics, Production: ; Wirtschaftsinformatik: ; Fachübergreifende Kompetenzen: ; Wissenschaftliche Weiterbildung: } | S5: 6.4
A6: Planung und Koordination in der Sozialen Arbeit | B6: Sozialwesen | C6: 6 | D6: 10 | E6: 7 | F6: 3 | G6: 19 | H6: 23 | I6: 27 | J6: 19 | K6: {="{"&_xlfn.TEXTJOIN("; ",TRUE,Vorstudium!C$1:F$1&": "&Vorstudium!C6:F6)&"}"} -> {DHBW: 1; Hochschule: ; Universität: 1; Ausland/k.A.: 1} | L6: 0.875 | M6: 5.1785714 | N6: 1.6111111 | O6: 24.666667 | P6: {="{"&_xlfn.TEXTJOIN("; ",TRUE,'Doz-Herkunft'!C$1:J$1&": "&'Doz-Herkunft'!C6:J6)&"}"} -> {DHBW: 360; andere Hochschule: ; Forschungsinstitut: 32; freiberufl./selbst.: 80; Öffentliche Einrichtung: 63; Rechtsanwalt / StB/ Richter: ; Soz. Einrichtung / Verbände: ; Unternehmen: 32} | Q6: {=_xlfn.LET( _xlpm.keys,Lehrverflechtung!$B$2:$B$31, _xlpm.k,ROW()-1, _xlpm.vals,INDEX(Lehrverflechtung!$C$2:$AF$31,_xlfn.SEQUENCE(30),_xlpm.k), IF(_xlpm.k>30,"","{"&_xlfn.TEXTJOIN("; ",TRUE,_xlpm.keys&": "&_xlpm.vals)&"}") )} -> {Advanced Practice in Healthcare: ; Intensive Care: ; Digitalisierung in der Sozialen Arbeit: 5; Governance Sozialer Arbeit: 18; Planung und Koordination in der Sozialen Arbeit: 88; Soziale Arbeit in der Migrationsgesellschaft: 9; Transkulturelle Traumapädagogik: 10; Bauingenieurwesen: ; Elektrotechnik und Informationstechnik: ; Executive Engineering: ; Informatik: ; Integrated Engineering: ; Maschinenbau: ; Wirtschaftsingenieurwesen: ; Accounting, Controlling, Taxation: ; Data Science and Artificial Intelligence: ; Digital Business Management: ; Entrepreneurship: ; Finance: ; General Business Management: ; Marketing: ; Master of Business Administration: ; Media and Data-driven Business: ; Personalmanagement und Wirtschaftspsychologie: ; Rechnungswesen Steuern Wirtschaftsrecht: ; Sales and Negotiation: ; Supply Chain Management, Logistics, Production: ; Wirtschaftsinformatik: ; Fachübergreifende Kompetenzen: ; Wissenschaftliche Weiterbildung: } | R6: {="{"&_xlfn.TEXTJOIN("; ",TRUE,Lehrverflechtung!C$1:AF$1&": "&Lehrverflechtung!C6:AF6)&"}"} -> {Advanced Practice in Healthcare: ; Intensive Care: ; Digitalisierung in der Sozialen Arbeit: 8; Governance Sozialer Arbeit: 9; Planung und Koordination in der Sozialen Arbeit: 88; Soziale Arbeit in der Migrationsgesellschaft: 2; Transkulturelle Traumapädagogik: ; Bauingenieurwesen: ; Elektrotechnik und Informationstechnik: ; Executive Engineering: ; Informatik: ; Integrated Engineering: ; Maschinenbau: ; Wirtschaftsingenieurwesen: ; Accounting, Controlling, Taxation: ; Data Science and Artificial Intelligence: ; Digital Business Management: ; Entrepreneurship: ; Finance: ; General Business Management: ; Marketing: ; Master of Business Administration: ; Media and Data-driven Business: ; Personalmanagement und Wirtschaftspsychologie: ; Rechnungswesen Steuern Wirtschaftsrecht: ; Sales and Negotiation: ; Supply Chain Management, Logistics, Production: ; Wirtschaftsinformatik: ; Fachübergreifende Kompetenzen: ; Wissenschaftliche Weiterbildung: 13} | S6: 6.5
A7: Soziale Arbeit in der Migrationsgesellschaft | B7: Sozialwesen | C7: 8 | D7: 4 | E7: 6 | F7: 6 | G7: 31 | H7: 30 | I7: 25 | J7: 29 | K7: {="{"&_xlfn.TEXTJOIN("; ",TRUE,Vorstudium!C$1:F$1&": "&Vorstudium!C7:F7)&"}"} -> {DHBW: 1; Hochschule: 1; Universität: 4; Ausland/k.A.: } | L7: 0.9 | M7: 5.7407407 | N7: 1.6527778 | O7: 27 | P7: {="{"&_xlfn.TEXTJOIN("; ",TRUE,'Doz-Herkunft'!C$1:J$1&": "&'Doz-Herkunft'!C7:J7)&"}"} -> {DHBW: 336; andere Hochschule: 64; Forschungsinstitut: ; freiberufl./selbst.: 32; Öffentliche Einrichtung: 16; Rechtsanwalt / StB/ Richter: 80; Soz. Einrichtung / Verbände: 32; Unternehmen: 48} | Q7: {=_xlfn.LET( _xlpm.keys,Lehrverflechtung!$B$2:$B$31, _xlpm.k,ROW()-1, _xlpm.vals,INDEX(Lehrverflechtung!$C$2:$AF$31,_xlfn.SEQUENCE(30),_xlpm.k), IF(_xlpm.k>30,"","{"&_xlfn.TEXTJOIN("; ",TRUE,_xlpm.keys&": "&_xlpm.vals)&"}") )} -> {Advanced Practice in Healthcare: ; Intensive Care: ; Digitalisierung in der Sozialen Arbeit: 1; Governance Sozialer Arbeit: 1; Planung und Koordination in der Sozialen Arbeit: 2; Soziale Arbeit in der Migrationsgesellschaft: 80; Transkulturelle Traumapädagogik: 16; Bauingenieurwesen: ; Elektrotechnik und Informationstechnik: ; Executive Engineering: ; Informatik: ; Integrated Engineering: ; Maschinenbau: ; Wirtschaftsingenieurwesen: ; Accounting, Controlling, Taxation: ; Data Science and Artificial Intelligence: ; Digital Business Management: ; Entrepreneurship: ; Finance: ; General Business Management: ; Marketing: ; Master of Business Administration: ; Media and Data-driven Business: ; Personalmanagement und Wirtschaftspsychologie: ; Rechnungswesen Steuern Wirtschaftsrecht: ; Sales and Negotiation: ; Supply Chain Management, Logistics, Production: ; Wirtschaftsinformatik: ; Fachübergreifende Kompetenzen: ; Wissenschaftliche Weiterbildung: } | R7: {="{"&_xlfn.TEXTJOIN("; ",TRUE,Lehrverflechtung!C$1:AF$1&": "&Lehrverflechtung!C7:AF7)&"}"} -> {Advanced Practice in Healthcare: ; Intensive Care: ; Digitalisierung in der Sozialen Arbeit: 2; Governance Sozialer Arbeit: 5; Planung und Koordination in der Sozialen Arbeit: 9; Soziale Arbeit in der Migrationsgesellschaft: 80; Transkulturelle Traumapädagogik: 4; Bauingenieurwesen: ; Elektrotechnik und Informationstechnik: ; Executive Engineering: ; Informatik: ; Integrated Engineering: ; Maschinenbau: ; Wirtschaftsingenieurwesen: ; Accounting, Controlling, Taxation: ; Data Science and Artificial Intelligence: ; Digital Business Management: ; Entrepreneurship: ; Finance: ; General Business Management: ; Marketing: ; Master of Business Administration: ; Media and Data-driven Business: ; Personalmanagement und Wirtschaftspsychologie: ; Rechnungswesen Steuern Wirtschaftsrecht: ; Sales and Negotiation: ; Supply Chain Management, Logistics, Production: ; Wirtschaftsinformatik: ; Fachübergreifende Kompetenzen: ; Wissenschaftliche Weiterbildung: 36} | S7: 5.5
A8: Transkulturelle Traumapädagogik | B8: Sozialwesen | C8: 0 | D8: 0 | E8: 4 | F8: 10 | G8: 0 | H8: 0 | I8: 4 | J8: 14 | K8: {="{"&_xlfn.TEXTJOIN("; ",TRUE,Vorstudium!C$1:F$1&": "&Vorstudium!C8:F8)&"}"} -> {DHBW: 6; Hochschule: 2; Universität: 2; Ausland/k.A.: } | N8: 2.7222222 | O8: 26.9 | P8: {="{"&_xlfn.TEXTJOIN("; ",TRUE,'Doz-Herkunft'!C$1:J$1&": "&'Doz-Herkunft'!C8:J8)&"}"} -> {DHBW: 224; andere Hochschule: 80; Forschungsinstitut: 56; freiberufl./selbst.: 86; Öffentliche Einrichtung: ; Rechtsanwalt / StB/ Richter: ; Soz. Einrichtung / Verbände: 124; Unternehmen: } | Q8: {=_xlfn.LET( _xlpm.keys,Lehrverflechtung!$B$2:$B$31, _xlpm.k,ROW()-1, _xlpm.vals,INDEX(Lehrverflechtung!$C$2:$AF$31,_xlfn.SEQUENCE(30),_xlpm.k), IF(_xlpm.k>30,"","{"&_xlfn.TEXTJOIN("; ",TRUE,_xlpm.keys&": "&_xlpm.vals)&"}") )} -> {Advanced Practice in Healthcare: ; Intensive Care: ; Digitalisierung in der Sozialen Arbeit: 1; Governance Sozialer Arbeit: 1; Planung und Koordination in der Sozialen Arbeit: ; Soziale Arbeit in der Migrationsgesellschaft: 4; Transkulturelle Traumapädagogik: 94; Bauingenieurwesen: ; Elektrotechnik und Informationstechnik: ; Executive Engineering: ; Informatik: ; Integrated Engineering: ; Maschinenbau: ; Wirtschaftsingenieurwesen: ; Accounting, Controlling, Taxation: ; Data Science and Artificial Intelligence: ; Digital Business Management: ; Entrepreneurship: ; Finance: ; General Business Management: ; Marketing: ; Master of Business Administration: ; Media and Data-driven Business: ; Personalmanagement und Wirtschaftspsychologie: ; Rechnungswesen Steuern Wirtschaftsrecht: ; Sales and Negotiation: ; Supply Chain Management, Logistics, Production: ; Wirtschaftsinformatik: ; Fachübergreifende Kompetenzen: ; Wissenschaftliche Weiterbildung: } | R8: {="{"&_xlfn.TEXTJOIN("; ",TRUE,Lehrverflechtung!C$1:AF$1&": "&Lehrverflechtung!C8:AF8)&"}"} -> {Advanced Practice in Healthcare: ; Intensive Care: ; Digitalisierung in der Sozialen Arbeit: 1; Governance Sozialer Arbeit: 7; Planung und Koordination in der Sozialen Arbeit: 10; Soziale Arbeit in der Migrationsgesellschaft: 16; Transkulturelle Traumapädagogik: 94; Bauingenieurwesen: ; Elektrotechnik und Informationstechnik: ; Executive Engineering: ; Informatik: ; Integrated Engineering: ; Maschinenbau: ; Wirtschaftsingenieurwesen: ; Accounting, Controlling, Taxation: ; Data Science and Artificial Intelligence: ; Digital Business Management: ; Entrepreneurship: ; Finance: ; General Business Management: ; Marketing: ; Master of Business Administration: ; Media and Data-driven Business: ; Personalmanagement und Wirtschaftspsychologie: ; Rechnungswesen Steuern Wirtschaftsrecht: ; Sales and Negotiation: ; Supply Chain Management, Logistics, Production: ; Wirtschaftsinformatik: ; Fachübergreifende Kompetenzen: ; Wissenschaftliche Weiterbildung: 41} | S8: 9.8571429
A9: Bauingenieurwesen | B9: Technik | C9: 5 | D9: 14 | E9: 16 | F9: 15 | G9: 6 | H9: 19 | I9: 35 | J9: 47 | K9: {="{"&_xlfn.TEXTJOIN("; ",TRUE,Vorstudium!C$1:F$1&": "&Vorstudium!C9:F9)&"}"} -> {DHBW: 10; Hochschule: 5; Universität: ; Ausland/k.A.: } | L9: 1 | M9: 5.3333333 | N9: 2.2388889 | O9: 27 | P9: {="{"&_xlfn.TEXTJOIN("; ",TRUE,'Doz-Herkunft'!C$1:J$1&": "&'Doz-Herkunft'!C9:J9)&"}"} -> {DHBW: 516; andere Hochschule: 16; Forschungsinstitut: 32; freiberufl./selbst.: 96; Öffentliche Einrichtung: 136; Rechtsanwalt / StB/ Richter: ; Soz. Einrichtung / Verbände: ; Unternehmen: 428} | Q9: {=_xlfn.LET( _xlpm.keys,Lehrverflechtung!$B$2:$B$31, _xlpm.k,ROW()-1, _xlpm.vals,INDEX(Lehrverflechtung!$C$2:$AF$31,_xlfn.SEQUENCE(30),_xlpm.k), IF(_xlpm.k>30,"","{"&_xlfn.TEXTJOIN("; ",TRUE,_xlpm.keys&": "&_xlpm.vals)&"}") )} -> {Advanced Practice in Healthcare: ; Intensive Care: ; Digitalisierung in der Sozialen Arbeit: ; Governance Sozialer Arbeit: ; Planung und Koordination in der Sozialen Arbeit: ; Soziale Arbeit in der Migrationsgesellschaft: ; Transkulturelle Traumapädagogik: ; Bauingenieurwesen: 205; Elektrotechnik und Informationstechnik: 1; Executive Engineering: ; Informatik: ; Integrated Engineering: 1; Maschinenbau: 2; Wirtschaftsingenieurwesen: 30; Accounting, Controlling, Taxation: ; Data Science and Artificial Intelligence: ; Digital Business Management: ; Entrepreneurship: ; Finance: ; General Business Management: 1; Marketing: ; Master of Business Administration: 1; Media and Data-driven Business: ; Personalmanagement und Wirtschaftspsychologie: 2; Rechnungswesen Steuern Wirtschaftsrecht: ; Sales and Negotiation: ; Supply Chain Management, Logistics, Production: ; Wirtschaftsinformatik: ; Fachübergreifende Kompetenzen: 48; Wissenschaftliche Weiterbildung: } | R9: {="{"&_xlfn.TEXTJOIN("; ",TRUE,Lehrverflechtung!C$1:AF$1&": "&Lehrverflechtung!C9:AF9)&"}"} -> {Advanced Practice in Healthcare: ; Intensive Care: ; Digitalisierung in der Sozialen Arbeit: ; Governance Sozialer Arbeit: ; Planung und Koordination in der Sozialen Arbeit: ; Soziale Arbeit in der Migrationsgesellschaft: ; Transkulturelle Traumapädagogik: ; Bauingenieurwesen: 205; Elektrotechnik und Informationstechnik: 1; Executive Engineering: ; Informatik: 1; Integrated Engineering: 4; Maschinenbau: ; Wirtschaftsingenieurwesen: 39; Accounting, Controlling, Taxation: ; Data Science and Artificial Intelligence: ; Digital Business Management: ; Entrepreneurship: ; Finance: ; General Business Management: ; Marketing: ; Master of Business Administration: ; Media and Data-driven Business: ; Personalmanagement und Wirtschaftspsychologie: ; Rechnungswesen Steuern Wirtschaftsrecht: ; Sales and Negotiation: ; Supply Chain Management, Logistics, Production: ; Wirtschaftsinformatik: ; Fachübergreifende Kompetenzen: ; Wissenschaftliche Weiterbildung: 26} | S9: 13.428571
A10: Elektrotechnik und Informationstechnik | B10: Technik | C10: 11 | D10: 21 | E10: 18 | F10: 24 | G10: 44 | H10: 51 | I10: 54 | J10: 64 | K10: {="{"&_xlfn.TEXTJOIN("; ",TRUE,Vorstudium!C$1:F$1&": "&Vorstudium!C10:F10)&"}"} -> {DHBW: 18; Hochschule: 6; Universität: ; Ausland/k.A.: } | L10: 0.93670886 | M10: 5.6216216 | N10: 2.2083333 | O10: 25.208333 | P10: {="{"&_xlfn.TEXTJOIN("; ",TRUE,'Doz-Herkunft'!C$1:J$1&": "&'Doz-Herkunft'!C10:J10)&"}"} -> {DHBW: 1158; andere Hochschule: 72; Forschungsinstitut: 32; freiberufl./selbst.: 60; Öffentliche Einrichtung: ; Rechtsanwalt / StB/ Richter: ; Soz. Einrichtung / Verbände: ; Unternehmen: 26} | Q10: {=_xlfn.LET( _xlpm.keys,Lehrverflechtung!$B$2:$B$31, _xlpm.k,ROW()-1, _xlpm.vals,INDEX(Lehrverflechtung!$C$2:$AF$31,_xlfn.SEQUENCE(30),_xlpm.k), IF(_xlpm.k>30,"","{"&_xlfn.TEXTJOIN("; ",TRUE,_xlpm.keys&": "&_xlpm.vals)&"}") )} -> {Advanced Practice in Healthcare: ; Intensive Care: ; Digitalisierung in der Sozialen Arbeit: ; Governance Sozialer Arbeit: ; Planung und Koordination in der Sozialen Arbeit: ; Soziale Arbeit in der Migrationsgesellschaft: ; Transkulturelle Traumapädagogik: ; Bauingenieurwesen: 1; Elektrotechnik und Informationstechnik: 167; Executive Engineering: ; Informatik: 56; Integrated Engineering: 31; Maschinenbau: 38; Wirtschaftsingenieurwesen: 33; Accounting, Controlling, Taxation: ; Data Science and Artificial Intelligence: 1; Digital Business Management: ; Entrepreneurship: ; Finance: ; General Business Management: ; Marketing: ; Master of Business Administration: ; Media and Data-driven Business: 1; Personalmanagement und Wirtschaftspsychologie: 1; Rechnungswesen Steuern Wirtschaftsrecht: ; Sales and Negotiation: 1; Supply Chain Management, Logistics, Production: ; Wirtschaftsinformatik: ; Fachübergreifende Kompetenzen: 68; Wissenschaftliche Weiterbildung: } | R10: {="{"&_xlfn.TEXTJOIN("; ",TRUE,Lehrverflechtung!C$1:AF$1&": "&Lehrverflechtung!C10:AF10)&"}"} -> {Advanced Practice in Healthcare: ; Intensive Care: ; Digitalisierung in der Sozialen Arbeit: ; Governance Sozialer Arbeit: ; Planung und Koordination in der Sozialen Arbeit: ; Soziale Arbeit in der Migrationsgesellschaft: ; Transkulturelle Traumapädagogik: ; Bauingenieurwesen: 1; Elektrotechnik und Informationstechnik: 167; Executive Engineering: ; Informatik: 2; Integrated Engineering: 36; Maschinenbau: 5; Wirtschaftsingenieurwesen: 19; Accounting, Controlling, Taxation: ; Data Science and Artificial Intelligence: ; Digital Business Management: ; Entrepreneurship: ; Finance: 1; General Business Management: 1; Marketing: ; Master of Business Administration: ; Media and Data-driven Business: ; Personalmanagement und Wirtschaftspsychologie: ; Rechnungswesen Steuern Wirtschaftsrecht: ; Sales and Negotiation: ; Supply Chain Management, Logistics, Production: ; Wirtschaftsinformatik: ; Fachübergreifende Kompetenzen: ; Wissenschaftliche Weiterbildung: 21} | S10: 13
A11: Executive Engineering | B11: Technik | C11: 0 | D11: 5 | E11: 9 | F11: 6 | G11: 0 | H11: 4 | I11: 13 | J11: 18 | K11: {="{"&_xlfn.TEXTJOIN("; ",TRUE,Vorstudium!C$1:F$1&": "&Vorstudium!C11:F11)&"}"} -> {DHBW: 6; Hochschule: ; Universität: ; Ausland/k.A.: } | L11: 0.5 | M11: 5 | N11: 2.9305556 | O11: 25.333333 | P11: {="{"&_xlfn.TEXTJOIN("; ",TRUE,'Doz-Herkunft'!C$1:J$1&": "&'Doz-Herkunft'!C11:J11)&"}"} -> {DHBW: 396; andere Hochschule: 50; Forschungsinstitut: 56; freiberufl./selbst.: 70; Öffentliche Einrichtung: 2; Rechtsanwalt / StB/ Richter: ; Soz. Einrichtung / Verbände: 8; Unternehmen: 114} | Q11: {=_xlfn.LET( _xlpm.keys,Lehrverflechtung!$B$2:$B$31, _xlpm.k,ROW()-1, _xlpm.vals,INDEX(Lehrverflechtung!$C$2:$AF$31,_xlfn.SEQUENCE(30),_xlpm.k), IF(_xlpm.k>30,"","{"&_xlfn.TEXTJOIN("; ",TRUE,_xlpm.keys&": "&_xlpm.vals)&"}") )} -> {Advanced Practice in Healthcare: ; Intensive Care: ; Digitalisierung in der Sozialen Arbeit: ; Governance Sozialer Arbeit: ; Planung und Koordination in der Sozialen Arbeit: ; Soziale Arbeit in der Migrationsgesellschaft: ; Transkulturelle Traumapädagogik: ; Bauingenieurwesen: ; Elektrotechnik und Informationstechnik: ; Executive Engineering: 105; Informatik: 2; Integrated Engineering: ; Maschinenbau: 3; Wirtschaftsingenieurwesen: 21; Accounting, Controlling, Taxation: ; Data Science and Artificial Intelligence: ; Digital Business Management: ; Entrepreneurship: 3; Finance: ; General Business Management: ; Marketing: ; Master of Business Administration: ; Media and Data-driven Business: 1; Personalmanagement und Wirtschaftspsychologie: 2; Rechnungswesen Steuern Wirtschaftsrecht: ; Sales and Negotiation: ; Supply Chain Management, Logistics, Production: ; Wirtschaftsinformatik: ; Fachübergreifende Kompetenzen: 42; Wissenschaftliche Weiterbildung: } | R11: {="{"&_xlfn.TEXTJOIN("; ",TRUE,Lehrverflechtung!C$1:AF$1&": "&Lehrverflechtung!C11:AF11)&"}"} -> {Advanced Practice in Healthcare: ; Intensive Care: ; Digitalisierung in der Sozialen Arbeit: ; Governance Sozialer Arbeit: ; Planung und Koordination in der Sozialen Arbeit: ; Soziale Arbeit in der Migrationsgesellschaft: ; Transkulturelle Traumapädagogik: ; Bauingenieurwesen: ; Elektrotechnik und Informationstechnik: ; Executive Engineering: 105; Informatik: ; Integrated Engineering: ; Maschinenbau: ; Wirtschaftsingenieurwesen: ; Accounting, Controlling, Taxation: ; Data Science and Artificial Intelligence: ; Digital Business Management: ; Entrepreneurship: ; Finance: ; General Business Management: ; Marketing: ; Master of Business Administration: ; Media and Data-driven Business: ; Personalmanagement und Wirtschaftspsychologie: ; Rechnungswesen Steuern Wirtschaftsrecht: ; Sales and Negotiation: ; Supply Chain Management, Logistics, Production: ; Wirtschaftsinformatik: ; Fachübergreifende Kompetenzen: ; Wissenschaftliche Weiterbildung: } | S11: 6.75
A12: Informatik | B12: Technik | C12: 27 | D12: 39 | E12: 36 | F12: 39 | G12: 100 | H12: 115 | I12: 118 | J12: 124 | K12: {="{"&_xlfn.TEXTJOIN("; ",TRUE,Vorstudium!C$1:F$1&": "&Vorstudium!C12:F12)&"}"} -> {DHBW: 30; Hochschule: 5; Universität: 2; Ausland/k.A.: 2} | L12: 0.85135135 | M12: 6.4277778 | N12: 2.3653846 | O12: 25.820513 | P12: {="{"&_xlfn.TEXTJOIN("; ",TRUE,'Doz-Herkunft'!C$1:J$1&": "&'Doz-Herkunft'!C12:J12)&"}"} -> {DHBW: 1560; andere Hochschule: 16; Forschungsinstitut: 128; freiberufl./selbst.: 96; Öffentliche Einrichtung: ; Rechtsanwalt / StB/ Richter: ; Soz. Einrichtung / Verbände: ; Unternehmen: 24} | Q12: {=_xlfn.LET( _xlpm.keys,Lehrverflechtung!$B$2:$B$31, _xlpm.k,ROW()-1, _xlpm.vals,INDEX(Lehrverflechtung!$C$2:$AF$31,_xlfn.SEQUENCE(30),_xlpm.k), IF(_xlpm.k>30,"","{"&_xlfn.TEXTJOIN("; ",TRUE,_xlpm.keys&": "&_xlpm.vals)&"}") )} -> {Advanced Practice in Healthcare: ; Intensive Care: ; Digitalisierung in der Sozialen Arbeit: ; Governance Sozialer Arbeit: ; Planung und Koordination in der Sozialen Arbeit: ; Soziale Arbeit in der Migrationsgesellschaft: ; Transkulturelle Traumapädagogik: ; Bauingenieurwesen: 1; Elektrotechnik und Informationstechnik: 2; Executive Engineering: ; Informatik: 369; Integrated Engineering: 12; Maschinenbau: 1; Wirtschaftsingenieurwesen: 42; Accounting, Controlling, Taxation: ; Data Science and Artificial Intelligence: 11; Digital Business Management: ; Entrepreneurship: ; Finance: ; General Business Management: ; Marketing: ; Master of Business Administration: ; Media and Data-driven Business: 28; Personalmanagement und Wirtschaftspsychologie: 3; Rechnungswesen Steuern Wirtschaftsrecht: ; Sales and Negotiation: 1; Supply Chain Management, Logistics, Production: ; Wirtschaftsinformatik: 136; Fachübergreifende Kompetenzen: 131; Wissenschaftliche Weiterbildung: } | R12: {="{"&_xlfn.TEXTJOIN("; ",TRUE,Lehrverflechtung!C$1:AF$1&": "&Lehrverflechtung!C12:AF12)&"}"} -> {Advanced Practice in Healthcare: ; Intensive Care: ; Digitalisierung in der Sozialen Arbeit: ; Governance Sozialer Arbeit: ; Planung und Koordination in der Sozialen Arbeit: ; Soziale Arbeit in der Migrationsgesellschaft: ; Transkulturelle Traumapädagogik: ; Bauingenieurwesen: ; Elektrotechnik und Informationstechnik: 56; Executive Engineering: 2; Informatik: 369; Integrated Engineering: 23; Maschinenbau: 13; Wirtschaftsingenieurwesen: 28; Accounting, Controlling, Taxation: ; Data Science and Artificial Intelligence: 5; Digital Business Management: 2; Entrepreneurship: ; Finance: ; General Business Management: ; Marketing: ; Master of Business Administration: ; Media and Data-driven Business: 2; Personalmanagement und Wirtschaftspsychologie: ; Rechnungswesen Steuern Wirtschaftsrecht: ; Sales and Negotiation: ; Supply Chain Management, Logistics, Production: ; Wirtschaftsinformatik: 89; Fachübergreifende Kompetenzen: ; Wissenschaftliche Weiterbildung: 61} | S12: 16.666667
A13: Integrated Engineering | B13: Technik | C13: 20 | D13: 37 | E13: 31 | F13: 22 | G13: 116 | H13: 120 | I13: 117 | J13: 115 | K13: {="{"&_xlfn.TEXTJOIN("; ",TRUE,Vorstudium!C$1:F$1&": "&Vorstudium!C13:F13)&"}"} -> {DHBW: 18; Hochschule: 4; Universität: ; Ausland/k.A.: } | L13: 0.97927461 | M13: 6.2645503 | N13: 2.5606061 | O13: 26.272727 | P13: {="{"&_xlfn.TEXTJOIN("; ",TRUE,'Doz-Herkunft'!C$1:J$1&": "&'Doz-Herkunft'!C13:J13)&"}"} -> {DHBW: 1032; andere Hochschule: 72; Forschungsinstitut: 64; freiberufl./selbst.: 160; Öffentliche Einrichtung: ; Rechtsanwalt / StB/ Richter: ; Soz. Einrichtung / Verbände: ; Unternehmen: } | Q13: {=_xlfn.LET( _xlpm.keys,Lehrverflechtung!$B$2:$B$31, _xlpm.k,ROW()-1, _xlpm.vals,INDEX(Lehrverflechtung!$C$2:$AF$31,_xlfn.SEQUENCE(30),_xlpm.k), IF(_xlpm.k>30,"","{"&_xlfn.TEXTJOIN("; ",TRUE,_xlpm.keys&": "&_xlpm.vals)&"}") )} -> {Advanced Practice in Healthcare: ; Intensive Care: ; Digitalisierung in der Sozialen Arbeit: ; Governance Sozialer Arbeit: ; Planung und Koordination in der Sozialen Arbeit: ; Soziale Arbeit in der Migrationsgesellschaft: ; Transkulturelle Traumapädagogik: ; Bauingenieurwesen: 4; Elektrotechnik und Informationstechnik: 36; Executive Engineering: ; Informatik: 23; Integrated Engineering: 103; Maschinenbau: 86; Wirtschaftsingenieurwesen: 160; Accounting, Controlling, Taxation: 1; Data Science and Artificial Intelligence: ; Digital Business Management: 7; Entrepreneurship: ; Finance: ; General Business Management: 3; Marketing: ; Master of Business Administration: 2; Media and Data-driven Business: 4; Personalmanagement und Wirtschaftspsychologie: 1; Rechnungswesen Steuern Wirtschaftsrecht: ; Sales and Negotiation: 3; Supply Chain Management, Logistics, Production: ; Wirtschaftsinformatik: 18; Fachübergreifende Kompetenzen: 80; Wissenschaftliche Weiterbildung: } | R13: {="{"&_xlfn.TEXTJOIN("; ",TRUE,Lehrverflechtung!C$1:AF$1&": "&Lehrverflechtung!C13:AF13)&"}"} -> {Advanced Practice in Healthcare: ; Intensive Care: ; Digitalisierung in der Sozialen Arbeit: ; Governance Sozialer Arbeit: ; Planung und Koordination in der Sozialen Arbeit: ; Soziale Arbeit in der Migrationsgesellschaft: ; Transkulturelle Traumapädagogik: ; Bauingenieurwesen: 1; Elektrotechnik und Informationstechnik: 31; Executive Engineering: ; Informatik: 12; Integrated Engineering: 103; Maschinenbau: 3; Wirtschaftsingenieurwesen: 29; Accounting, Controlling, Taxation: ; Data Science and Artificial Intelligence: ; Digital Business Management: ; Entrepreneurship: ; Finance: ; General Business Management: 1; Marketing: ; Master of Business Administration: ; Media and Data-driven Business: ; Personalmanagement und Wirtschaftspsychologie: ; Rechnungswesen Steuern Wirtschaftsrecht: ; Sales and Negotiation: ; Supply Chain Management, Logistics, Production: ; Wirtschaftsinformatik: 3; Fachübergreifende Kompetenzen: ; Wissenschaftliche Weiterbildung: 41} | S13: 11.4
A14: Maschinenbau | B14: Technik | C14: 27 | D14: 22 | E14: 25 | F14: 17 | G14: 113 | H14: 106 | I14: 89 | J14: 78 | K14: {="{"&_xlfn.TEXTJOIN("; ",TRUE,Vorstudium!C$1:F$1&": "&Vorstudium!C14:F14)&"}"} -> {DHBW: 14; Hochschule: 3; Universität: ; Ausland/k.A.: } | L14: 0.96686747 | M14: 5.8906752 | N14: 2.2647059 | O14: 25.117647 | P14: {="{"&_xlfn.TEXTJOIN("; ",TRUE,'Doz-Herkunft'!C$1:J$1&": "&'Doz-Herkunft'!C14:J14)&"}"} -> {DHBW: 1634; andere Hochschule: 74; Forschungsinstitut: 64; freiberufl./selbst.: ; Öffentliche Einrichtung: ; Rechtsanwalt / StB/ Richter: ; Soz. Einrichtung / Verbände: ; Unternehmen: 326} | Q14: {=_xlfn.LET( _xlpm.keys,Lehrverflechtung!$B$2:$B$31, _xlpm.k,ROW()-1, _xlpm.vals,INDEX(Lehrverflechtung!$C$2:$AF$31,_xlfn.SEQUENCE(30),_xlpm.k), IF(_xlpm.k>30,"","{"&_xlfn.TEXTJOIN("; ",TRUE,_xlpm.keys&": "&_xlpm.vals)&"}") )} -> {Advanced Practice in Healthcare: ; Intensive Care: ; Digitalisierung in der Sozialen Arbeit: ; Governance Sozialer Arbeit: ; Planung und Koordination in der Sozialen Arbeit: ; Soziale Arbeit in der Migrationsgesellschaft: ; Transkulturelle Traumapädagogik: ; Bauingenieurwesen: ; Elektrotechnik und Informationstechnik: 5; Executive Engineering: ; Informatik: 13; Integrated Engineering: 3; Maschinenbau: 294; Wirtschaftsingenieurwesen: 78; Accounting, Controlling, Taxation: ; Data Science and Artificial Intelligence: ; Digital Business Management: ; Entrepreneurship: ; Finance: ; General Business Management: 1; Marketing: ; Master of Business Administration: ; Media and Data-driven Business: ; Personalmanagement und Wirtschaftspsychologie: ; Rechnungswesen Steuern Wirtschaftsrecht: ; Sales and Negotiation: ; Supply Chain Management, Logistics, Production: ; Wirtschaftsinformatik: ; Fachübergreifende Kompetenzen: 51; Wissenschaftliche Weiterbildung: } | R14: {="{"&_xlfn.TEXTJOIN("; ",TRUE,Lehrverflechtung!C$1:AF$1&": "&Lehrverflechtung!C14:AF14)&"}"} -> {Advanced Practice in Healthcare: ; Intensive Care: ; Digitalisierung in der Sozialen Arbeit: ; Governance Sozialer Arbeit: ; Planung und Koordination in der Sozialen Arbeit: ; Soziale Arbeit in der Migrationsgesellschaft: ; Transkulturelle Traumapädagogik: ; Bauingenieurwesen: 2; Elektrotechnik und Informationstechnik: 38; Executive Engineering: 3; Informatik: 1; Integrated Engineering: 86; Maschinenbau: 294; Wirtschaftsingenieurwesen: 132; Accounting, Controlling, Taxation: ; Data Science and Artificial Intelligence: ; Digital Business Management: 1; Entrepreneurship: ; Finance: ; General Business Management: ; Marketing: ; Master of Business Administration: ; Media and Data-driven Business: ; Personalmanagement und Wirtschaftspsychologie: ; Rechnungswesen Steuern Wirtschaftsrecht: ; Sales and Negotiation: ; Supply Chain Management, Logistics, Production: ; Wirtschaftsinformatik: ; Fachübergreifende Kompetenzen: ; Wissenschaftliche Weiterbildung: 34} | S14: 16
A15: Wirtschaftsingenieurwesen | B15: Technik | C15: 56 | D15: 61 | E15: 38 | F15: 43 | G15: 249 | H15: 246 | I15: 210 | J15: 183 | K15: {="{"&_xlfn.TEXTJOIN("; ",TRUE,Vorstudium!C$1:F$1&": "&Vorstudium!C15:F15)&"}"} -> {DHBW: 32; Hochschule: 9; Universität: 2; Ausland/k.A.: } | L15: 0.96142433 | M15: 6.034375 | N15: 2.3217054 | O15: 26.27907 | P15: {="{"&_xlfn.TEXTJOIN("; ",TRUE,'Doz-Herkunft'!C$1:J$1&": "&'Doz-Herkunft'!C15:J15)&"}"} -> {DHBW: 2436; andere Hochschule: 128; Forschungsinstitut: 12; freiberufl./selbst.: 274; Öffentliche Einrichtung: ; Rechtsanwalt / StB/ Richter: ; Soz. Einrichtung / Verbände: ; Unternehmen: 362} | Q15: {=_xlfn.LET( _xlpm.keys,Lehrverflechtung!$B$2:$B$31, _xlpm.k,ROW()-1, _xlpm.vals,INDEX(Lehrverflechtung!$C$2:$AF$31,_xlfn.SEQUENCE(30),_xlpm.k), IF(_xlpm.k>30,"","{"&_xlfn.TEXTJOIN("; ",TRUE,_xlpm.keys&": "&_xlpm.vals)&"}") )} -> {Advanced Practice in Healthcare: ; Intensive Care: ; Digitalisierung in der Sozialen Arbeit: ; Governance Sozialer Arbeit: ; Planung und Koordination in der Sozialen Arbeit: ; Soziale Arbeit in der Migrationsgesellschaft: ; Transkulturelle Traumapädagogik: ; Bauingenieurwesen: 39; Elektrotechnik und Informationstechnik: 19; Executive Engineering: ; Informatik: 28; Integrated Engineering: 29; Maschinenbau: 132; Wirtschaftsingenieurwesen: 421; Accounting, Controlling, Taxation: 16; Data Science and Artificial Intelligence: ; Digital Business Management: 6; Entrepreneurship: ; Finance: ; General Business Management: 8; Marketing: 1; Master of Business Administration: 4; Media and Data-driven Business: 17; Personalmanagement und Wirtschaftspsychologie: 15; Rechnungswesen Steuern Wirtschaftsrecht: ; Sales and Negotiation: 11; Supply Chain Management, Logistics, Production: 15; Wirtschaftsinformatik: 43; Fachübergreifende Kompetenzen: 142; Wissenschaftliche Weiterbildung: } | R15: {="{"&_xlfn.TEXTJOIN("; ",TRUE,Lehrverflechtung!C$1:AF$1&": "&Lehrverflechtung!C15:AF15)&"}"} -> {Advanced Practice in Healthcare: ; Intensive Care: ; Digitalisierung in der Sozialen Arbeit: ; Governance Sozialer Arbeit: ; Planung und Koordination in der Sozialen Arbeit: ; Soziale Arbeit in der Migrationsgesellschaft: ; Transkulturelle Traumapädagogik: ; Bauingenieurwesen: 30; Elektrotechnik und Informationstechnik: 33; Executive Engineering: 21; Informatik: 42; Integrated Engineering: 160; Maschinenbau: 78; Wirtschaftsingenieurwesen: 421; Accounting, Controlling, Taxation: ; Data Science and Artificial Intelligence: 1; Digital Business Management: 4; Entrepreneurship: ; Finance: 4; General Business Management: 12; Marketing: ; Master of Business Administration: ; Media and Data-driven Business: ; Personalmanagement und Wirtschaftspsychologie: 6; Rechnungswesen Steuern Wirtschaftsrecht: ; Sales and Negotiation: ; Supply Chain Management, Logistics, Production: 12; Wirtschaftsinformatik: 5; Fachübergreifende Kompetenzen: ; Wissenschaftliche Weiterbildung: 63} | S15: 18.5
A16: Accounting, Controlling, Taxation | B16: Wirtschaft | C16: 27 | D16: 19 | E16: 22 | F16: 19 | G16: 66 | H16: 74 | I16: 63 | J16: 58 | K16: {="{"&_xlfn.TEXTJOIN("; ",TRUE,Vorstudium!C$1:F$1&": "&Vorstudium!C16:F16)&"}"} -> {DHBW: 10; Hochschule: 8; Universität: 1; Ausland/k.A.: } | L16: 0.85294118 | M16: 4.2413793 | N16: 3.2982456 | O16: 26.631579 | P16: {="{"&_xlfn.TEXTJOIN("; ",TRUE,'Doz-Herkunft'!C$1:J$1&": "&'Doz-Herkunft'!C16:J16)&"}"} -> {DHBW: 1236; andere Hochschule: 32; Forschungsinstitut: ; freiberufl./selbst.: ; Öffentliche Einrichtung: ; Rechtsanwalt / StB/ Richter: 48; Soz. Einrichtung / Verbände: ; Unternehmen: 64} | Q16: {=_xlfn.LET( _xlpm.keys,Lehrverflechtung!$B$2:$B$31, _xlpm.k,ROW()-1, _xlpm.vals,INDEX(Lehrverflechtung!$C$2:$AF$31,_xlfn.SEQUENCE(30),_xlpm.k), IF(_xlpm.k>30,"","{"&_xlfn.TEXTJOIN("; ",TRUE,_xlpm.keys&": "&_xlpm.vals)&"}") )} -> {Advanced Practice in Healthcare: ; Intensive Care: ; Digitalisierung in der Sozialen Arbeit: ; Governance Sozialer Arbeit: ; Planung und Koordination in der Sozialen Arbeit: ; Soziale Arbeit in der Migrationsgesellschaft: ; Transkulturelle Traumapädagogik: ; Bauingenieurwesen: ; Elektrotechnik und Informationstechnik: ; Executive Engineering: ; Informatik: ; Integrated Engineering: ; Maschinenbau: ; Wirtschaftsingenieurwesen: ; Accounting, Controlling, Taxation: 185; Data Science and Artificial Intelligence: ; Digital Business Management: 3; Entrepreneurship: 1; Finance: 23; General Business Management: 32; Marketing: ; Master of Business Administration: ; Media and Data-driven Business: 10; Personalmanagement und Wirtschaftspsychologie: 46; Rechnungswesen Steuern Wirtschaftsrecht: ; Sales and Negotiation: 1; Supply Chain Management, Logistics, Production: 1; Wirtschaftsinformatik: 3; Fachübergreifende Kompetenzen: 68; Wissenschaftliche Weiterbildung: } | R16: {="{"&_xlfn.TEXTJOIN("; ",TRUE,Lehrverflechtung!C$1:AF$1&": "&Lehrverflechtung!C16:AF16)&"}"} -> {Advanced Practice in Healthcare: ; Intensive Care: ; Digitalisierung in der Sozialen Arbeit: ; Governance Sozialer Arbeit: ; Planung und Koordination in der Sozialen Arbeit: ; Soziale Arbeit in der Migrationsgesellschaft: ; Transkulturelle Traumapädagogik: ; Bauingenieurwesen: ; Elektrotechnik und Informationstechnik: ; Executive Engineering: ; Informatik: ; Integrated Engineering: 1; Maschinenbau: ; Wirtschaftsingenieurwesen: 16; Accounting, Controlling, Taxation: 185; Data Science and Artificial Intelligence: ; Digital Business Management: 1; Entrepreneurship: ; Finance: 16; General Business Management: 41; Marketing: ; Master of Business Administration: 3; Media and Data-driven Business: 1; Personalmanagement und Wirtschaftspsychologie: ; Rechnungswesen Steuern Wirtschaftsrecht: ; Sales and Negotiation: ; Supply Chain Management, Logistics, Production: 12; Wirtschaftsinformatik: 2; Fachübergreifende Kompetenzen: ; Wissenschaftliche Weiterbildung: 29} | S16: 14.333333
A17: Data Science and Artificial Intelligence | B17: Wirtschaft | C17: 0 | D17: 0 | E17: 0 | F17: 8 | G17: 0 | H17: 0 | I17: 0 | J17: 8 | K17: {="{"&_xlfn.TEXTJOIN("; ",TRUE,Vorstudium!C$1:F$1&": "&Vorstudium!C17:F17)&"}"} -> {DHBW: 6; Hochschule: 1; Universität: ; Ausland/k.A.: 1} | N17: 3.4270833 | O17: 28.25 | P17: {="{"&_xlfn.TEXTJOIN("; ",TRUE,'Doz-Herkunft'!C$1:J$1&": "&'Doz-Herkunft'!C17:J17)&"}"} -> {DHBW: ; andere Hochschule: ; Forschungsinstitut: ; freiberufl./selbst.: ; Öffentliche Einrichtung: ; Rechtsanwalt / StB/ Richter: ; Soz. Einrichtung / Verbände: ; Unternehmen: } | Q17: {=_xlfn.LET( _xlpm.keys,Lehrverflechtung!$B$2:$B$31, _xlpm.k,ROW()-1, _xlpm.vals,INDEX(Lehrverflechtung!$C$2:$AF$31,_xlfn.SEQUENCE(30),_xlpm.k), IF(_xlpm.k>30,"","{"&_xlfn.TEXTJOIN("; ",TRUE,_xlpm.keys&": "&_xlpm.vals)&"}") )} -> {Advanced Practice in Healthcare: ; Intensive Care: ; Digitalisierung in der Sozialen Arbeit: ; Governance Sozialer Arbeit: ; Planung und Koordination in der Sozialen Arbeit: ; Soziale Arbeit in der Migrationsgesellschaft: ; Transkulturelle Traumapädagogik: ; Bauingenieurwesen: ; Elektrotechnik und Informationstechnik: ; Executive Engineering: ; Informatik: 5; Integrated Engineering: ; Maschinenbau: ; Wirtschaftsingenieurwesen: 1; Accounting, Controlling, Taxation: ; Data Science and Artificial Intelligence: 58; Digital Business Management: 1; Entrepreneurship: ; Finance: 1; General Business Management: ; Marketing: ; Master of Business Administration: ; Media and Data-driven Business: ; Personalmanagement und Wirtschaftspsychologie: ; Rechnungswesen Steuern Wirtschaftsrecht: ; Sales and Negotiation: ; Supply Chain Management, Logistics, Production: ; Wirtschaftsinformatik: 14; Fachübergreifende Kompetenzen: 10; Wissenschaftliche Weiterbildung: } | R17: {="{"&_xlfn.TEXTJOIN("; ",TRUE,Lehrverflechtung!C$1:AF$1&": "&Lehrverflechtung!C17:AF17)&"}"} -> {Advanced Practice in Healthcare: ; Intensive Care: ; Digitalisierung in der Sozialen Arbeit: ; Governance Sozialer Arbeit: ; Planung und Koordination in der Sozialen Arbeit: ; Soziale Arbeit in der Migrationsgesellschaft: ; Transkulturelle Traumapädagogik: ; Bauingenieurwesen: ; Elektrotechnik und Informationstechnik: 1; Executive Engineering: ; Informatik: 11; Integrated Engineering: ; Maschinenbau: ; Wirtschaftsingenieurwesen: ; Accounting, Controlling, Taxation: ; Data Science and Artificial Intelligence: 58; Digital Business Management: ; Entrepreneurship: ; Finance: ; General Business Management: ; Marketing: ; Master of Business Administration: ; Media and Data-driven Business: ; Personalmanagement und Wirtschaftspsychologie: ; Rechnungswesen Steuern Wirtschaftsrecht: ; Sales and Negotiation: ; Supply Chain Management, Logistics, Production: ; Wirtschaftsinformatik: 3; Fachübergreifende Kompetenzen: ; Wissenschaftliche Weiterbildung: 11} | S17: 6
A18: Digital Business Management | B18: Wirtschaft | C18: 27 | D18: 18 | E18: 18 | F18: 9 | G18: 53 | H18: 62 | I18: 60 | J18: 53 | K18: {="{"&_xlfn.TEXTJOIN("; ",TRUE,Vorstudium!C$1:F$1&": "&Vorstudium!C18:F18)&"}"} -> {DHBW: 8; Hochschule: 1; Universität: ; Ausland/k.A.: } | L18: 0.95652174 | M18: 4.75 | N18: 1.7708333 | O18: 24.888889 | P18: {="{"&_xlfn.TEXTJOIN("; ",TRUE,'Doz-Herkunft'!C$1:J$1&": "&'Doz-Herkunft'!C18:J18)&"}"} -> {DHBW: 1225; andere Hochschule: 48; Forschungsinstitut: ; freiberufl./selbst.: ; Öffentliche Einrichtung: ; Rechtsanwalt / StB/ Richter: ; Soz. Einrichtung / Verbände: ; Unternehmen: 16} | Q18: {=_xlfn.LET( _xlpm.keys,Lehrverflechtung!$B$2:$B$31, _xlpm.k,ROW()-1, _xlpm.vals,INDEX(Lehrverflechtung!$C$2:$AF$31,_xlfn.SEQUENCE(30),_xlpm.k), IF(_xlpm.k>30,"","{"&_xlfn.TEXTJOIN("; ",TRUE,_xlpm.keys&": "&_xlpm.vals)&"}") )} -> {Advanced Practice in Healthcare: ; Intensive Care: ; Digitalisierung in der Sozialen Arbeit: ; Governance Sozialer Arbeit: ; Planung und Koordination in der Sozialen Arbeit: ; Soziale Arbeit in der Migrationsgesellschaft: ; Transkulturelle Traumapädagogik: ; Bauingenieurwesen: ; Elektrotechnik und Informationstechnik: ; Executive Engineering: ; Informatik: 2; Integrated Engineering: ; Maschinenbau: 1; Wirtschaftsingenieurwesen: 4; Accounting, Controlling, Taxation: 1; Data Science and Artificial Intelligence: ; Digital Business Management: 111; Entrepreneurship: 1; Finance: ; General Business Management: 17; Marketing: 4; Master of Business Administration: ; Media and Data-driven Business: 1; Personalmanagement und Wirtschaftspsychologie: 4; Rechnungswesen Steuern Wirtschaftsrecht: ; Sales and Negotiation: 2; Supply Chain Management, Logistics, Production: ; Wirtschaftsinformatik: 23; Fachübergreifende Kompetenzen: 43; Wissenschaftliche Weiterbildung: } | R18: {="{"&_xlfn.TEXTJOIN("; ",TRUE,Lehrverflechtung!C$1:AF$1&": "&Lehrverflechtung!C18:AF18)&"}"} -> {Advanced Practice in Healthcare: ; Intensive Care: ; Digitalisierung in der Sozialen Arbeit: 1; Governance Sozialer Arbeit: ; Planung und Koordination in der Sozialen Arbeit: ; Soziale Arbeit in der Migrationsgesellschaft: ; Transkulturelle Traumapädagogik: ; Bauingenieurwesen: ; Elektrotechnik und Informationstechnik: ; Executive Engineering: ; Informatik: ; Integrated Engineering: 7; Maschinenbau: ; Wirtschaftsingenieurwesen: 6; Accounting, Controlling, Taxation: 3; Data Science and Artificial Intelligence: 1; Digital Business Management: 111; Entrepreneurship: ; Finance: 1; General Business Management: 35; Marketing: 10; Master of Business Administration: 5; Media and Data-driven Business: 4; Personalmanagement und Wirtschaftspsychologie: ; Rechnungswesen Steuern Wirtschaftsrecht: ; Sales and Negotiation: 7; Supply Chain Management, Logistics, Production: 8; Wirtschaftsinformatik: 50; Fachübergreifende Kompetenzen: ; Wissenschaftliche Weiterbildung: 8} | S18: 10.428571
A19: Entrepreneurship | B19: Wirtschaft | C19: 11 | D19: 3 | E19: 5 | F19: 5 | G19: 11 | H19: 13 | I19: 17 | J19: 17 | K19: {="{"&_xlfn.TEXTJOIN("; ",TRUE,Vorstudium!C$1:F$1&": "&Vorstudium!C19:F19)&"}"} -> {DHBW: 4; Hochschule: 1; Universität: ; Ausland/k.A.: } | L19: 0.57142857 | M19: 4.25 | N19: 1.15 | O19: 27.6 | P19: {="{"&_xlfn.TEXTJOIN("; ",TRUE,'Doz-Herkunft'!C$1:J$1&": "&'Doz-Herkunft'!C19:J19)&"}"} -> {DHBW: 488; andere Hochschule: ; Forschungsinstitut: ; freiberufl./selbst.: 20; Öffentliche Einrichtung: ; Rechtsanwalt / StB/ Richter: ; Soz. Einrichtung / Verbände: ; Unternehmen: } | Q19: {=_xlfn.LET( _xlpm.keys,Lehrverflechtung!$B$2:$B$31, _xlpm.k,ROW()-1, _xlpm.vals,INDEX(Lehrverflechtung!$C$2:$AF$31,_xlfn.SEQUENCE(30),_xlpm.k), IF(_xlpm.k>30,"","{"&_xlfn.TEXTJOIN("; ",TRUE,_xlpm.keys&": "&_xlpm.vals)&"}") )} -> {Advanced Practice in Healthcare: ; Intensive Care: ; Digitalisierung in der Sozialen Arbeit: ; Governance Sozialer Arbeit: ; Planung und Koordination in der Sozialen Arbeit: ; Soziale Arbeit in der Migrationsgesellschaft: ; Transkulturelle Traumapädagogik: ; Bauingenieurwesen: ; Elektrotechnik und Informationstechnik: ; Executive Engineering: ; Informatik: ; Integrated Engineering: ; Maschinenbau: ; Wirtschaftsingenieurwesen: ; Accounting, Controlling, Taxation: ; Data Science and Artificial Intelligence: ; Digital Business Management: ; Entrepreneurship: 45; Finance: ; General Business Management: 5; Marketing: 3; Master of Business Administration: ; Media and Data-driven Business: 1; Personalmanagement und Wirtschaftspsychologie: ; Rechnungswesen Steuern Wirtschaftsrecht: ; Sales and Negotiation: ; Supply Chain Management, Logistics, Production: ; Wirtschaftsinformatik: ; Fachübergreifende Kompetenzen: 14; Wissenschaftliche Weiterbildung: } | R19: {="{"&_xlfn.TEXTJOIN("; ",TRUE,Lehrverflechtung!C$1:AF$1&": "&Lehrverflechtung!C19:AF19)&"}"} -> {Advanced Practice in Healthcare: ; Intensive Care: ; Digitalisierung in der Sozialen Arbeit: ; Governance Sozialer Arbeit: ; Planung und Koordination in der Sozialen Arbeit: ; Soziale Arbeit in der Migrationsgesellschaft: ; Transkulturelle Traumapädagogik: ; Bauingenieurwesen: ; Elektrotechnik und Informationstechnik: ; Executive Engineering: 3; Informatik: ; Integrated Engineering: ; Maschinenbau: ; Wirtschaftsingenieurwesen: ; Accounting, Controlling, Taxation: 1; Data Science and Artificial Intelligence: ; Digital Business Management: 1; Entrepreneurship: 45; Finance: 1; General Business Management: 46; Marketing: ; Master of Business Administration: 1; Media and Data-driven Business: ; Personalmanagement und Wirtschaftspsychologie: ; Rechnungswesen Steuern Wirtschaftsrecht: ; Sales and Negotiation: 3; Supply Chain Management, Logistics, Production: ; Wirtschaftsinformatik: ; Fachübergreifende Kompetenzen: ; Wissenschaftliche Weiterbildung: 22} | S19: 11.666667
A20: Finance | B20: Wirtschaft | C20: 16 | D20: 16 | E20: 16 | F20: 14 | G20: 38 | H20: 47 | I20: 42 | J20: 39 | K20: {="{"&_xlfn.TEXTJOIN("; ",TRUE,Vorstudium!C$1:F$1&": "&Vorstudium!C20:F20)&"}"} -> {DHBW: 12; Hochschule: 2; Universität: ; Ausland/k.A.: } | L20: 0.97777778 | M20: 3.9318182 | N20: 1.4358974 | O20: 25.071429 | P20: {="{"&_xlfn.TEXTJOIN("; ",TRUE,'Doz-Herkunft'!C$1:J$1&": "&'Doz-Herkunft'!C20:J20)&"}"} -> {DHBW: 728; andere Hochschule: 72; Forschungsinstitut: ; freiberufl./selbst.: ; Öffentliche Einrichtung: ; Rechtsanwalt / StB/ Richter: 16; Soz. Einrichtung / Verbände: ; Unternehmen: 136} | Q20: {=_xlfn.LET( _xlpm.keys,Lehrverflechtung!$B$2:$B$31, _xlpm.k,ROW()-1, _xlpm.vals,INDEX(Lehrverflechtung!$C$2:$AF$31,_xlfn.SEQUENCE(30),_xlpm.k), IF(_xlpm.k>30,"","{"&_xlfn.TEXTJOIN("; ",TRUE,_xlpm.keys&": "&_xlpm.vals)&"}") )} -> {Advanced Practice in Healthcare: ; Intensive Care: ; Digitalisierung in der Sozialen Arbeit: ; Governance Sozialer Arbeit: ; Planung und Koordination in der Sozialen Arbeit: ; Soziale Arbeit in der Migrationsgesellschaft: ; Transkulturelle Traumapädagogik: ; Bauingenieurwesen: ; Elektrotechnik und Informationstechnik: 1; Executive Engineering: ; Informatik: ; Integrated Engineering: ; Maschinenbau: ; Wirtschaftsingenieurwesen: 4; Accounting, Controlling, Taxation: 16; Data Science and Artificial Intelligence: ; Digital Business Management: 1; Entrepreneurship: 1; Finance: 103; General Business Management: 45; Marketing: ; Master of Business Administration: ; Media and Data-driven Business: 1; Personalmanagement und Wirtschaftspsychologie: 3; Rechnungswesen Steuern Wirtschaftsrecht: ; Sales and Negotiation: ; Supply Chain Management, Logistics, Production: ; Wirtschaftsinformatik: ; Fachübergreifende Kompetenzen: 42; Wissenschaftliche Weiterbildung: } | R20: {="{"&_xlfn.TEXTJOIN("; ",TRUE,Lehrverflechtung!C$1:AF$1&": "&Lehrverflechtung!C20:AF20)&"}"} -> {Advanced Practice in Healthcare: ; Intensive Care: ; Digitalisierung in der Sozialen Arbeit: ; Governance Sozialer Arbeit: ; Planung und Koordination in der Sozialen Arbeit: ; Soziale Arbeit in der Migrationsgesellschaft: ; Transkulturelle Traumapädagogik: ; Bauingenieurwesen: ; Elektrotechnik und Informationstechnik: ; Executive Engineering: ; Informatik: ; Integrated Engineering: ; Maschinenbau: ; Wirtschaftsingenieurwesen: ; Accounting, Controlling, Taxation: 23; Data Science and Artificial Intelligence: 1; Digital Business Management: ; Entrepreneurship: ; Finance: 103; General Business Management: 12; Marketing: ; Master of Business Administration: ; Media and Data-driven Business: ; Personalmanagement und Wirtschaftspsychologie: ; Rechnungswesen Steuern Wirtschaftsrecht: ; Sales and Negotiation: ; Supply Chain Management, Logistics, Production: ; Wirtschaftsinformatik: ; Fachübergreifende Kompetenzen: ; Wissenschaftliche Weiterbildung: 11} | S20: 11.25
A21: General Business Management | B21: Wirtschaft | C21: 40 | D21: 42 | E21: 31 | F21: 45 | G21: 94 | H21: 120 | I21: 94 | J21: 101 | K21: {="{"&_xlfn.TEXTJOIN("; ",TRUE,Vorstudium!C$1:F$1&": "&Vorstudium!C21:F21)&"}"} -> {DHBW: 39; Hochschule: 4; Universität: 1; Ausland/k.A.: 1} | L21: 0.95535714 | M21: 3.8691589 | N21: 2.1856061 | O21: 25.488889 | P21: {="{"&_xlfn.TEXTJOIN("; ",TRUE,'Doz-Herkunft'!C$1:J$1&": "&'Doz-Herkunft'!C21:J21)&"}"} -> {DHBW: 1194; andere Hochschule: 16; Forschungsinstitut: ; freiberufl./selbst.: ; Öffentliche Einrichtung: ; Rechtsanwalt / StB/ Richter: ; Soz. Einrichtung / Verbände: ; Unternehmen: 112} | Q21: {=_xlfn.LET( _xlpm.keys,Lehrverflechtung!$B$2:$B$31, _xlpm.k,ROW()-1, _xlpm.vals,INDEX(Lehrverflechtung!$C$2:$AF$31,_xlfn.SEQUENCE(30),_xlpm.k), IF(_xlpm.k>30,"","{"&_xlfn.TEXTJOIN("; ",TRUE,_xlpm.keys&": "&_xlpm.vals)&"}") )} -> {Advanced Practice in Healthcare: ; Intensive Care: ; Digitalisierung in der Sozialen Arbeit: ; Governance Sozialer Arbeit: ; Planung und Koordination in der Sozialen Arbeit: ; Soziale Arbeit in der Migrationsgesellschaft: ; Transkulturelle Traumapädagogik: ; Bauingenieurwesen: ; Elektrotechnik und Informationstechnik: 1; Executive Engineering: ; Informatik: ; Integrated Engineering: 1; Maschinenbau: ; Wirtschaftsingenieurwesen: 12; Accounting, Controlling, Taxation: 41; Data Science and Artificial Intelligence: ; Digital Business Management: 35; Entrepreneurship: 46; Finance: 12; General Business Management: 230; Marketing: 20; Master of Business Administration: 1; Media and Data-driven Business: 14; Personalmanagement und Wirtschaftspsychologie: 86; Rechnungswesen Steuern Wirtschaftsrecht: ; Sales and Negotiation: 47; Supply Chain Management, Logistics, Production: 7; Wirtschaftsinformatik: 22; Fachübergreifende Kompetenzen: 133; Wissenschaftliche Weiterbildung: } | R21: {="{"&_xlfn.TEXTJOIN("; ",TRUE,Lehrverflechtung!C$1:AF$1&": "&Lehrverflechtung!C21:AF21)&"}"} -> {Advanced Practice in Healthcare: ; Intensive Care: ; Digitalisierung in der Sozialen Arbeit: ; Governance Sozialer Arbeit: ; Planung und Koordination in der Sozialen Arbeit: ; Soziale Arbeit in der Migrationsgesellschaft: ; Transkulturelle Traumapädagogik: ; Bauingenieurwesen: 1; Elektrotechnik und Informationstechnik: ; Executive Engineering: ; Informatik: ; Integrated Engineering: 3; Maschinenbau: 1; Wirtschaftsingenieurwesen: 8; Accounting, Controlling, Taxation: 32; Data Science and Artificial Intelligence: ; Digital Business Management: 17; Entrepreneurship: 5; Finance: 45; General Business Management: 230; Marketing: 11; Master of Business Administration: 12; Media and Data-driven Business: 1; Personalmanagement und Wirtschaftspsychologie: 8; Rechnungswesen Steuern Wirtschaftsrecht: ; Sales and Negotiation: 28; Supply Chain Management, Logistics, Production: 17; Wirtschaftsinformatik: 13; Fachübergreifende Kompetenzen: ; Wissenschaftliche Weiterbildung: 29} | S21: 22
A22: Marketing | B22: Wirtschaft | C22: 9 | D22: 14 | E22: 6 | F22: 5 | G22: 29 | H22: 34 | I22: 29 | J22: 26 | K22: {="{"&_xlfn.TEXTJOIN("; ",TRUE,Vorstudium!C$1:F$1&": "&Vorstudium!C22:F22)&"}"} -> {DHBW: 2; Hochschule: 2; Universität: 1; Ausland/k.A.: } | L22: 0.96428571 | M22: 4.2962963 | N22: 1.9333333 | O22: 27.8 | P22: {="{"&_xlfn.TEXTJOIN("; ",TRUE,'Doz-Herkunft'!C$1:J$1&": "&'Doz-Herkunft'!C22:J22)&"}"} -> {DHBW: 618; andere Hochschule: 24; Forschungsinstitut: ; freiberufl./selbst.: ; Öffentliche Einrichtung: ; Rechtsanwalt / StB/ Richter: ; Soz. Einrichtung / Verbände: ; Unternehmen: 16} | Q22: {=_xlfn.LET( _xlpm.keys,Lehrverflechtung!$B$2:$B$31, _xlpm.k,ROW()-1, _xlpm.vals,INDEX(Lehrverflechtung!$C$2:$AF$31,_xlfn.SEQUENCE(30),_xlpm.k), IF(_xlpm.k>30,"","{"&_xlfn.TEXTJOIN("; ",TRUE,_xlpm.keys&": "&_xlpm.vals)&"}") )} -> {Advanced Practice in Healthcare: ; Intensive Care: ; Digitalisierung in der Sozialen Arbeit: ; Governance Sozialer Arbeit: ; Planung und Koordination in der Sozialen Arbeit: ; Soziale Arbeit in der Migrationsgesellschaft: ; Transkulturelle Traumapädagogik: ; Bauingenieurwesen: ; Elektrotechnik und Informationstechnik: ; Executive Engineering: ; Informatik: ; Integrated Engineering: ; Maschinenbau: ; Wirtschaftsingenieurwesen: ; Accounting, Controlling, Taxation: ; Data Science and Artificial Intelligence: ; Digital Business Management: 10; Entrepreneurship: ; Finance: ; General Business Management: 11; Marketing: 47; Master of Business Administration: ; Media and Data-driven Business: 1; Personalmanagement und Wirtschaftspsychologie: 8; Rechnungswesen Steuern Wirtschaftsrecht: ; Sales and Negotiation: 13; Supply Chain Management, Logistics, Production: ; Wirtschaftsinformatik: ; Fachübergreifende Kompetenzen: 22; Wissenschaftliche Weiterbildung: } | R22: {="{"&_xlfn.TEXTJOIN("; ",TRUE,Lehrverflechtung!C$1:AF$1&": "&Lehrverflechtung!C22:AF22)&"}"} -> {Advanced Practice in Healthcare: ; Intensive Care: ; Digitalisierung in der Sozialen Arbeit: ; Governance Sozialer Arbeit: ; Planung und Koordination in der Sozialen Arbeit: ; Soziale Arbeit in der Migrationsgesellschaft: ; Transkulturelle Traumapädagogik: ; Bauingenieurwesen: ; Elektrotechnik und Informationstechnik: ; Executive Engineering: ; Informatik: ; Integrated Engineering: ; Maschinenbau: ; Wirtschaftsingenieurwesen: 1; Accounting, Controlling, Taxation: ; Data Science and Artificial Intelligence: ; Digital Business Management: 4; Entrepreneurship: 3; Finance: ; General Business Management: 20; Marketing: 47; Master of Business Administration: 2; Media and Data-driven Business: 1; Personalmanagement und Wirtschaftspsychologie: 1; Rechnungswesen Steuern Wirtschaftsrecht: ; Sales and Negotiation: 5; Supply Chain Management, Logistics, Production: 1; Wirtschaftsinformatik: 8; Fachübergreifende Kompetenzen: ; Wissenschaftliche Weiterbildung: 5} | S22: 8.6666667
A23: Master of Business Administration | B23: Wirtschaft | C23: 13 | D23: 13 | E23: 14 | F23: 14 | G23: 25 | H23: 33 | I23: 33 | J23: 40 | K23: {="{"&_xlfn.TEXTJOIN("; ",TRUE,Vorstudium!C$1:F$1&": "&Vorstudium!C23:F23)&"}"} -> {DHBW: 4; Hochschule: 4; Universität: 6; Ausland/k.A.: } | L23: 0.92307692 | M23: 3.8333333 | N23: 4.3333333 | O23: 29.214286 | P23: {="{"&_xlfn.TEXTJOIN("; ",TRUE,'Doz-Herkunft'!C$1:J$1&": "&'Doz-Herkunft'!C23:J23)&"}"} -> {DHBW: 1144; andere Hochschule: ; Forschungsinstitut: ; freiberufl./selbst.: 32; Öffentliche Einrichtung: ; Rechtsanwalt / StB/ Richter: ; Soz. Einrichtung / Verbände: ; Unternehmen: } | Q23: {=_xlfn.LET( _xlpm.keys,Lehrverflechtung!$B$2:$B$31, _xlpm.k,ROW()-1, _xlpm.vals,INDEX(Lehrverflechtung!$C$2:$AF$31,_xlfn.SEQUENCE(30),_xlpm.k), IF(_xlpm.k>30,"","{"&_xlfn.TEXTJOIN("; ",TRUE,_xlpm.keys&": "&_xlpm.vals)&"}") )} -> {Advanced Practice in Healthcare: ; Intensive Care: ; Digitalisierung in der Sozialen Arbeit: ; Governance Sozialer Arbeit: ; Planung und Koordination in der Sozialen Arbeit: ; Soziale Arbeit in der Migrationsgesellschaft: ; Transkulturelle Traumapädagogik: ; Bauingenieurwesen: ; Elektrotechnik und Informationstechnik: ; Executive Engineering: ; Informatik: ; Integrated Engineering: ; Maschinenbau: ; Wirtschaftsingenieurwesen: ; Accounting, Controlling, Taxation: 3; Data Science and Artificial Intelligence: ; Digital Business Management: 5; Entrepreneurship: 1; Finance: ; General Business Management: 12; Marketing: 2; Master of Business Administration: 175; Media and Data-driven Business: 2; Personalmanagement und Wirtschaftspsychologie: 28; Rechnungswesen Steuern Wirtschaftsrecht: ; Sales and Negotiation: 2; Supply Chain Management, Logistics, Production: ; Wirtschaftsinformatik: ; Fachübergreifende Kompetenzen: 40; Wissenschaftliche Weiterbildung: } | R23: {="{"&_xlfn.TEXTJOIN("; ",TRUE,Lehrverflechtung!C$1:AF$1&": "&Lehrverflechtung!C23:AF23)&"}"} -> {Advanced Practice in Healthcare: ; Intensive Care: ; Digitalisierung in der Sozialen Arbeit: ; Governance Sozialer Arbeit: ; Planung und Koordination in der Sozialen Arbeit: ; Soziale Arbeit in der Migrationsgesellschaft: ; Transkulturelle Traumapädagogik: ; Bauingenieurwesen: 1; Elektrotechnik und Informationstechnik: ; Executive Engineering: ; Informatik: ; Integrated Engineering: 2; Maschinenbau: ; Wirtschaftsingenieurwesen: 4; Accounting, Controlling, Taxation: ; Data Science and Artificial Intelligence: ; Digital Business Management: ; Entrepreneurship: ; Finance: ; General Business Management: 1; Marketing: ; Master of Business Administration: 175; Media and Data-driven Business: ; Personalmanagement und Wirtschaftspsychologie: ; Rechnungswesen Steuern Wirtschaftsrecht: ; Sales and Negotiation: ; Supply Chain Management, Logistics, Production: ; Wirtschaftsinformatik: ; Fachübergreifende Kompetenzen: ; Wissenschaftliche Weiterbildung: 79} | S23: 14.7
A24: Media and Data-driven Business | B24: Wirtschaft | C24: 12 | D24: 6 | E24: 8 | F24: 3 | G24: 23 | H24: 21 | I24: 21 | J24: 16 | K24: {="{"&_xlfn.TEXTJOIN("; ",TRUE,Vorstudium!C$1:F$1&": "&Vorstudium!C24:F24)&"}"} -> {DHBW: 3; Hochschule: ; Universität: ; Ausland/k.A.: } | L24: 0.83333333 | M24: 3.65 | N24: 2.5 | O24: 24.333333 | P24: {="{"&_xlfn.TEXTJOIN("; ",TRUE,'Doz-Herkunft'!C$1:J$1&": "&'Doz-Herkunft'!C24:J24)&"}"} -> {DHBW: 749; andere Hochschule: 133; Forschungsinstitut: ; freiberufl./selbst.: ; Öffentliche Einrichtung: ; Rechtsanwalt / StB/ Richter: ; Soz. Einrichtung / Verbände: ; Unternehmen: 8} | Q24: {=_xlfn.LET( _xlpm.keys,Lehrverflechtung!$B$2:$B$31, _xlpm.k,ROW()-1, _xlpm.vals,INDEX(Lehrverflechtung!$C$2:$AF$31,_xlfn.SEQUENCE(30),_xlpm.k), IF(_xlpm.k>30,"","{"&_xlfn.TEXTJOIN("; ",TRUE,_xlpm.keys&": "&_xlpm.vals)&"}") )} -> {Advanced Practice in Healthcare: ; Intensive Care: ; Digitalisierung in der Sozialen Arbeit: ; Governance Sozialer Arbeit: ; Planung und Koordination in der Sozialen Arbeit: ; Soziale Arbeit in der Migrationsgesellschaft: ; Transkulturelle Traumapädagogik: ; Bauingenieurwesen: ; Elektrotechnik und Informationstechnik: ; Executive Engineering: ; Informatik: 2; Integrated Engineering: ; Maschinenbau: ; Wirtschaftsingenieurwesen: ; Accounting, Controlling, Taxation: 1; Data Science and Artificial Intelligence: ; Digital Business Management: 4; Entrepreneurship: ; Finance: ; General Business Management: 1; Marketing: 1; Master of Business Administration: ; Media and Data-driven Business: 62; Personalmanagement und Wirtschaftspsychologie: 1; Rechnungswesen Steuern Wirtschaftsrecht: ; Sales and Negotiation: 1; Supply Chain Management, Logistics, Production: ; Wirtschaftsinformatik: 5; Fachübergreifende Kompetenzen: 25; Wissenschaftliche Weiterbildung: } | R24: {="{"&_xlfn.TEXTJOIN("; ",TRUE,Lehrverflechtung!C$1:AF$1&": "&Lehrverflechtung!C24:AF24)&"}"} -> {Advanced Practice in Healthcare: ; Intensive Care: ; Digitalisierung in der Sozialen Arbeit: ; Governance Sozialer Arbeit: ; Planung und Koordination in der Sozialen Arbeit: ; Soziale Arbeit in der Migrationsgesellschaft: ; Transkulturelle Traumapädagogik: ; Bauingenieurwesen: ; Elektrotechnik und Informationstechnik: 1; Executive Engineering: 1; Informatik: 28; Integrated Engineering: 4; Maschinenbau: ; Wirtschaftsingenieurwesen: 17; Accounting, Controlling, Taxation: 10; Data Science and Artificial Intelligence: ; Digital Business Management: 1; Entrepreneurship: 1; Finance: 1; General Business Management: 14; Marketing: 1; Master of Business Administration: 2; Media and Data-driven Business: 62; Personalmanagement und Wirtschaftspsychologie: ; Rechnungswesen Steuern Wirtschaftsrecht: ; Sales and Negotiation: 1; Supply Chain Management, Logistics, Production: 1; Wirtschaftsinformatik: 12; Fachübergreifende Kompetenzen: ; Wissenschaftliche Weiterbildung: 2} | S24: 15
A25: Personalmanagement und Wirtschaftspsychologie | B25: Wirtschaft | C25: 26 | D25: 27 | E25: 31 | F25: 22 | G25: 54 | H25: 70 | I25: 76 | J25: 71 | K25: {="{"&_xlfn.TEXTJOIN("; ",TRUE,Vorstudium!C$1:F$1&": "&Vorstudium!C25:F25)&"}"} -> {DHBW: 14; Hochschule: 5; Universität: 1; Ausland/k.A.: 2} | L25: 0.92063492 | M25: 4.2413793 | N25: 2.1008772 | O25: 26.818182 | P25: {="{"&_xlfn.TEXTJOIN("; ",TRUE,'Doz-Herkunft'!C$1:J$1&": "&'Doz-Herkunft'!C25:J25)&"}"} -> {DHBW: 1888; andere Hochschule: ; Forschungsinstitut: ; freiberufl./selbst.: 24; Öffentliche Einrichtung: ; Rechtsanwalt / StB/ Richter: ; Soz. Einrichtung / Verbände: ; Unternehmen: 32} | Q25: {=_xlfn.LET( _xlpm.keys,Lehrverflechtung!$B$2:$B$31, _xlpm.k,ROW()-1, _xlpm.vals,INDEX(Lehrverflechtung!$C$2:$AF$31,_xlfn.SEQUENCE(30),_xlpm.k), IF(_xlpm.k>30,"","{"&_xlfn.TEXTJOIN("; ",TRUE,_xlpm.keys&": "&_xlpm.vals)&"}") )} -> {Advanced Practice in Healthcare: ; Intensive Care: ; Digitalisierung in der Sozialen Arbeit: ; Governance Sozialer Arbeit: ; Planung und Koordination in der Sozialen Arbeit: ; Soziale Arbeit in der Migrationsgesellschaft: ; Transkulturelle Traumapädagogik: ; Bauingenieurwesen: ; Elektrotechnik und Informationstechnik: ; Executive Engineering: ; Informatik: ; Integrated Engineering: ; Maschinenbau: ; Wirtschaftsingenieurwesen: 6; Accounting, Controlling, Taxation: ; Data Science and Artificial Intelligence: ; Digital Business Management: ; Entrepreneurship: ; Finance: ; General Business Management: 8; Marketing: 1; Master of Business Administration: ; Media and Data-driven Business: ; Personalmanagement und Wirtschaftspsychologie: 360; Rechnungswesen Steuern Wirtschaftsrecht: ; Sales and Negotiation: 1; Supply Chain Management, Logistics, Production: ; Wirtschaftsinformatik: 1; Fachübergreifende Kompetenzen: 83; Wissenschaftliche Weiterbildung: } | R25: {="{"&_xlfn.TEXTJOIN("; ",TRUE,Lehrverflechtung!C$1:AF$1&": "&Lehrverflechtung!C25:AF25)&"}"} -> {Advanced Practice in Healthcare: ; Intensive Care: ; Digitalisierung in der Sozialen Arbeit: ; Governance Sozialer Arbeit: ; Planung und Koordination in der Sozialen Arbeit: ; Soziale Arbeit in der Migrationsgesellschaft: ; Transkulturelle Traumapädagogik: ; Bauingenieurwesen: 2; Elektrotechnik und Informationstechnik: 1; Executive Engineering: 2; Informatik: 3; Integrated Engineering: 1; Maschinenbau: ; Wirtschaftsingenieurwesen: 15; Accounting, Controlling, Taxation: 46; Data Science and Artificial Intelligence: ; Digital Business Management: 4; Entrepreneurship: ; Finance: 3; General Business Management: 86; Marketing: 8; Master of Business Administration: 28; Media and Data-driven Business: 1; Personalmanagement und Wirtschaftspsychologie: 360; Rechnungswesen Steuern Wirtschaftsrecht: ; Sales and Negotiation: 10; Supply Chain Management, Logistics, Production: 5; Wirtschaftsinformatik: 16; Fachübergreifende Kompetenzen: ; Wissenschaftliche Weiterbildung: 43} | S25: 16.4
A26: Rechnungswesen Steuern Wirtschaftsrecht | B26: Wirtschaft | C26: 12 | D26: 14 | E26: 21 | F26: 43 | G26: 52 | H26: 42 | I26: 45 | J26: 79 | K26: {="{"&_xlfn.TEXTJOIN("; ",TRUE,Vorstudium!C$1:F$1&": "&Vorstudium!C26:F26)&"}"} -> {DHBW: 32; Hochschule: 8; Universität: 2; Ausland/k.A.: 1} | L26: 0.91111111 | M26: 4.0948276 | N26: 1.9416667 | O26: 25.534884 | P26: {="{"&_xlfn.TEXTJOIN("; ",TRUE,'Doz-Herkunft'!C$1:J$1&": "&'Doz-Herkunft'!C26:J26)&"}"} -> {DHBW: 1298; andere Hochschule: 140; Forschungsinstitut: ; freiberufl./selbst.: ; Öffentliche Einrichtung: 60; Rechtsanwalt / StB/ Richter: 412; Soz. Einrichtung / Verbände: ; Unternehmen: 132} | Q26: {=_xlfn.LET( _xlpm.keys,Lehrverflechtung!$B$2:$B$31, _xlpm.k,ROW()-1, _xlpm.vals,INDEX(Lehrverflechtung!$C$2:$AF$31,_xlfn.SEQUENCE(30),_xlpm.k), IF(_xlpm.k>30,"","{"&_xlfn.TEXTJOIN("; ",TRUE,_xlpm.keys&": "&_xlpm.vals)&"}") )} -> {Advanced Practice in Healthcare: ; Intensive Care: ; Digitalisierung in der Sozialen Arbeit: ; Governance Sozialer Arbeit: ; Planung und Koordination in der Sozialen Arbeit: ; Soziale Arbeit in der Migrationsgesellschaft: ; Transkulturelle Traumapädagogik: ; Bauingenieurwesen: ; Elektrotechnik und Informationstechnik: ; Executive Engineering: ; Informatik: ; Integrated Engineering: ; Maschinenbau: ; Wirtschaftsingenieurwesen: ; Accounting, Controlling, Taxation: ; Data Science and Artificial Intelligence: ; Digital Business Management: ; Entrepreneurship: ; Finance: ; General Business Management: ; Marketing: ; Master of Business Administration: ; Media and Data-driven Business: ; Personalmanagement und Wirtschaftspsychologie: ; Rechnungswesen Steuern Wirtschaftsrecht: 242; Sales and Negotiation: ; Supply Chain Management, Logistics, Production: ; Wirtschaftsinformatik: ; Fachübergreifende Kompetenzen: ; Wissenschaftliche Weiterbildung: } | R26: {="{"&_xlfn.TEXTJOIN("; ",TRUE,Lehrverflechtung!C$1:AF$1&": "&Lehrverflechtung!C26:AF26)&"}"} -> {Advanced Practice in Healthcare: ; Intensive Care: ; Digitalisierung in der Sozialen Arbeit: ; Governance Sozialer Arbeit: ; Planung und Koordination in der Sozialen Arbeit: ; Soziale Arbeit in der Migrationsgesellschaft: ; Transkulturelle Traumapädagogik: ; Bauingenieurwesen: ; Elektrotechnik und Informationstechnik: ; Executive Engineering: ; Informatik: ; Integrated Engineering: ; Maschinenbau: ; Wirtschaftsingenieurwesen: ; Accounting, Controlling, Taxation: ; Data Science and Artificial Intelligence: ; Digital Business Management: ; Entrepreneurship: ; Finance: ; General Business Management: ; Marketing: ; Master of Business Administration: ; Media and Data-driven Business: ; Personalmanagement und Wirtschaftspsychologie: ; Rechnungswesen Steuern Wirtschaftsrecht: 242; Sales and Negotiation: ; Supply Chain Management, Logistics, Production: ; Wirtschaftsinformatik: ; Fachübergreifende Kompetenzen: ; Wissenschaftliche Weiterbildung: 135} | S26: 20.2
A27: Sales and Negotiation | B27: Wirtschaft | C27: 11 | D27: 7 | E27: 4 | F27: 7 | G27: 22 | H27: 25 | I27: 20 | J27: 18 | K27: {="{"&_xlfn.TEXTJOIN("; ",TRUE,Vorstudium!C$1:F$1&": "&Vorstudium!C27:F27)&"}"} -> {DHBW: 5; Hochschule: 1; Universität: 1; Ausland/k.A.: } | L27: 1 | M27: 4.3809524 | N27: 1.7361111 | O27: 25.428571 | P27: {="{"&_xlfn.TEXTJOIN("; ",TRUE,'Doz-Herkunft'!C$1:J$1&": "&'Doz-Herkunft'!C27:J27)&"}"} -> {DHBW: 392; andere Hochschule: 64; Forschungsinstitut: 32; freiberufl./selbst.: ; Öffentliche Einrichtung: ; Rechtsanwalt / StB/ Richter: ; Soz. Einrichtung / Verbände: ; Unternehmen: } | Q27: {=_xlfn.LET( _xlpm.keys,Lehrverflechtung!$B$2:$B$31, _xlpm.k,ROW()-1, _xlpm.vals,INDEX(Lehrverflechtung!$C$2:$AF$31,_xlfn.SEQUENCE(30),_xlpm.k), IF(_xlpm.k>30,"","{"&_xlfn.TEXTJOIN("; ",TRUE,_xlpm.keys&": "&_xlpm.vals)&"}") )} -> {Advanced Practice in Healthcare: ; Intensive Care: ; Digitalisierung in der Sozialen Arbeit: ; Governance Sozialer Arbeit: ; Planung und Koordination in der Sozialen Arbeit: ; Soziale Arbeit in der Migrationsgesellschaft: ; Transkulturelle Traumapädagogik: ; Bauingenieurwesen: ; Elektrotechnik und Informationstechnik: ; Executive Engineering: ; Informatik: ; Integrated Engineering: ; Maschinenbau: ; Wirtschaftsingenieurwesen: ; Accounting, Controlling, Taxation: ; Data Science and Artificial Intelligence: ; Digital Business Management: 7; Entrepreneurship: 3; Finance: ; General Business Management: 28; Marketing: 5; Master of Business Administration: ; Media and Data-driven Business: 1; Personalmanagement und Wirtschaftspsychologie: 10; Rechnungswesen Steuern Wirtschaftsrecht: ; Sales and Negotiation: 41; Supply Chain Management, Logistics, Production: 3; Wirtschaftsinformatik: 5; Fachübergreifende Kompetenzen: 22; Wissenschaftliche Weiterbildung: } | R27: {="{"&_xlfn.TEXTJOIN("; ",TRUE,Lehrverflechtung!C$1:AF$1&": "&Lehrverflechtung!C27:AF27)&"}"} -> {Advanced Practice in Healthcare: ; Intensive Care: ; Digitalisierung in der Sozialen Arbeit: ; Governance Sozialer Arbeit: ; Planung und Koordination in der Sozialen Arbeit: ; Soziale Arbeit in der Migrationsgesellschaft: ; Transkulturelle Traumapädagogik: ; Bauingenieurwesen: ; Elektrotechnik und Informationstechnik: 1; Executive Engineering: ; Informatik: 1; Integrated Engineering: 3; Maschinenbau: ; Wirtschaftsingenieurwesen: 11; Accounting, Controlling, Taxation: 1; Data Science and Artificial Intelligence: ; Digital Business Management: 2; Entrepreneurship: ; Finance: ; General Business Management: 47; Marketing: 13; Master of Business Administration: 2; Media and Data-driven Business: 1; Personalmanagement und Wirtschaftspsychologie: 1; Rechnungswesen Steuern Wirtschaftsrecht: ; Sales and Negotiation: 41; Supply Chain Management, Logistics, Production: 2; Wirtschaftsinformatik: ; Fachübergreifende Kompetenzen: ; Wissenschaftliche Weiterbildung: 10} | S27: 18.3
A28: Supply Chain Management, Logistics, Production | B28: Wirtschaft | C28: 17 | D28: 20 | E28: 11 | F28: 9 | G28: 34 | H28: 46 | I28: 45 | J28: 40 | K28: {="{"&_xlfn.TEXTJOIN("; ",TRUE,Vorstudium!C$1:F$1&": "&Vorstudium!C28:F28)&"}"} -> {DHBW: 6; Hochschule: 3; Universität: ; Ausland/k.A.: } | L28: 0.85714286 | M28: 4.1 | N28: 2.1296296 | O28: 25.666667 | P28: {="{"&_xlfn.TEXTJOIN("; ",TRUE,'Doz-Herkunft'!C$1:J$1&": "&'Doz-Herkunft'!C28:J28)&"}"} -> {DHBW: 614; andere Hochschule: ; Forschungsinstitut: ; freiberufl./selbst.: ; Öffentliche Einrichtung: ; Rechtsanwalt / StB/ Richter: 16; Soz. Einrichtung / Verbände: ; Unternehmen: } | Q28: {=_xlfn.LET( _xlpm.keys,Lehrverflechtung!$B$2:$B$31, _xlpm.k,ROW()-1, _xlpm.vals,INDEX(Lehrverflechtung!$C$2:$AF$31,_xlfn.SEQUENCE(30),_xlpm.k), IF(_xlpm.k>30,"","{"&_xlfn.TEXTJOIN("; ",TRUE,_xlpm.keys&": "&_xlpm.vals)&"}") )} -> {Advanced Practice in Healthcare: ; Intensive Care: ; Digitalisierung in der Sozialen Arbeit: ; Governance Sozialer Arbeit: ; Planung und Koordination in der Sozialen Arbeit: ; Soziale Arbeit in der Migrationsgesellschaft: ; Transkulturelle Traumapädagogik: ; Bauingenieurwesen: ; Elektrotechnik und Informationstechnik: ; Executive Engineering: ; Informatik: ; Integrated Engineering: ; Maschinenbau: ; Wirtschaftsingenieurwesen: 12; Accounting, Controlling, Taxation: 12; Data Science and Artificial Intelligence: ; Digital Business Management: 8; Entrepreneurship: ; Finance: ; General Business Management: 17; Marketing: 1; Master of Business Administration: ; Media and Data-driven Business: 1; Personalmanagement und Wirtschaftspsychologie: 5; Rechnungswesen Steuern Wirtschaftsrecht: ; Sales and Negotiation: 2; Supply Chain Management, Logistics, Production: 92; Wirtschaftsinformatik: 1; Fachübergreifende Kompetenzen: 33; Wissenschaftliche Weiterbildung: } | R28: {="{"&_xlfn.TEXTJOIN("; ",TRUE,Lehrverflechtung!C$1:AF$1&": "&Lehrverflechtung!C28:AF28)&"}"} -> {Advanced Practice in Healthcare: ; Intensive Care: ; Digitalisierung in der Sozialen Arbeit: ; Governance Sozialer Arbeit: ; Planung und Koordination in der Sozialen Arbeit: ; Soziale Arbeit in der Migrationsgesellschaft: ; Transkulturelle Traumapädagogik: ; Bauingenieurwesen: ; Elektrotechnik und Informationstechnik: ; Executive Engineering: ; Informatik: ; Integrated Engineering: ; Maschinenbau: ; Wirtschaftsingenieurwesen: 15; Accounting, Controlling, Taxation: 1; Data Science and Artificial Intelligence: ; Digital Business Management: ; Entrepreneurship: ; Finance: ; General Business Management: 7; Marketing: ; Master of Business Administration: ; Media and Data-driven Business: ; Personalmanagement und Wirtschaftspsychologie: ; Rechnungswesen Steuern Wirtschaftsrecht: ; Sales and Negotiation: 3; Supply Chain Management, Logistics, Production: 92; Wirtschaftsinformatik: 6; Fachübergreifende Kompetenzen: ; Wissenschaftliche Weiterbildung: 19} | S28: 11.5
A29: Wirtschaftsinformatik | B29: Wirtschaft | C29: 48 | D29: 40 | E29: 31 | F29: 26 | G29: 160 | H29: 148 | I29: 132 | J29: 119 | K29: {="{"&_xlfn.TEXTJOIN("; ",TRUE,Vorstudium!C$1:F$1&": "&Vorstudium!C29:F29)&"}"} -> {DHBW: 22; Hochschule: 3; Universität: 1; Ausland/k.A.: } | L29: 0.82539683 | M29: 5.4471154 | N29: 2.5801282 | O29: 25.615385 | P29: {="{"&_xlfn.TEXTJOIN("; ",TRUE,'Doz-Herkunft'!C$1:J$1&": "&'Doz-Herkunft'!C29:J29)&"}"} -> {DHBW: 2787; andere Hochschule: ; Forschungsinstitut: 90; freiberufl./selbst.: 36; Öffentliche Einrichtung: ; Rechtsanwalt / StB/ Richter: ; Soz. Einrichtung / Verbände: ; Unternehmen: 13} | Q29: {=_xlfn.LET( _xlpm.keys,Lehrverflechtung!$B$2:$B$31, _xlpm.k,ROW()-1, _xlpm.vals,INDEX(Lehrverflechtung!$C$2:$AF$31,_xlfn.SEQUENCE(30),_xlpm.k), IF(_xlpm.k>30,"","{"&_xlfn.TEXTJOIN("; ",TRUE,_xlpm.keys&": "&_xlpm.vals)&"}") )} -> {Advanced Practice in Healthcare: ; Intensive Care: ; Digitalisierung in der Sozialen Arbeit: ; Governance Sozialer Arbeit: ; Planung und Koordination in der Sozialen Arbeit: ; Soziale Arbeit in der Migrationsgesellschaft: ; Transkulturelle Traumapädagogik: ; Bauingenieurwesen: ; Elektrotechnik und Informationstechnik: ; Executive Engineering: ; Informatik: 89; Integrated Engineering: 3; Maschinenbau: ; Wirtschaftsingenieurwesen: 5; Accounting, Controlling, Taxation: 2; Data Science and Artificial Intelligence: 3; Digital Business Management: 50; Entrepreneurship: ; Finance: ; General Business Management: 13; Marketing: 8; Master of Business Administration: ; Media and Data-driven Business: 12; Personalmanagement und Wirtschaftspsychologie: 16; Rechnungswesen Steuern Wirtschaftsrecht: ; Sales and Negotiation: ; Supply Chain Management, Logistics, Production: 6; Wirtschaftsinformatik: 311; Fachübergreifende Kompetenzen: 94; Wissenschaftliche Weiterbildung: } | R29: {="{"&_xlfn.TEXTJOIN("; ",TRUE,Lehrverflechtung!C$1:AF$1&": "&Lehrverflechtung!C29:AF29)&"}"} -> {Advanced Practice in Healthcare: ; Intensive Care: ; Digitalisierung in der Sozialen Arbeit: 5; Governance Sozialer Arbeit: ; Planung und Koordination in der Sozialen Arbeit: ; Soziale Arbeit in der Migrationsgesellschaft: ; Transkulturelle Traumapädagogik: ; Bauingenieurwesen: ; Elektrotechnik und Informationstechnik: ; Executive Engineering: ; Informatik: 136; Integrated Engineering: 18; Maschinenbau: ; Wirtschaftsingenieurwesen: 43; Accounting, Controlling, Taxation: 3; Data Science and Artificial Intelligence: 14; Digital Business Management: 23; Entrepreneurship: ; Finance: ; General Business Management: 22; Marketing: ; Master of Business Administration: ; Media and Data-driven Business: 5; Personalmanagement und Wirtschaftspsychologie: 1; Rechnungswesen Steuern Wirtschaftsrecht: ; Sales and Negotiation: 5; Supply Chain Management, Logistics, Production: 1; Wirtschaftsinformatik: 311; Fachübergreifende Kompetenzen: ; Wissenschaftliche Weiterbildung: 57} | S29: 14
A30: Master in Business Management (auslaufend) | B30: Wirtschaft | C30: 0 | D30: 0 | E30: 0 | F30: 0 | G30: 125 | H30: 25 | I30: 9 | J30: 6

Sheet Vorstudium
A1: Studiengang | B1: Fachbereich | C1: DHBW | D1: Hochschule | E1: Universität | F1: Ausland/k.A.
A2: Advanced Practice in Healthcare | B2: Gesundheit | C2: 7 | D2: 6 | E2: 1 | F2: 1
A3: Intensive Care | B3: Gesundheit | C3: 7 | D3: 5 | F3: 1
A4: Digitalisierung in der Sozialen Arbeit | B4: Sozialwesen | C4: 3 | D4: 1
A5: Governance Sozialer Arbeit | B5: Sozialwesen | C5: 3 | D5: 1 | E5: 1
A6: Planung und Koordination in der Sozialen Arbeit | B6: Sozialwesen | C6: 1 | E6: 1 | F6: 1
A7: Soziale Arbeit in der Migrationsgesellschaft | B7: Sozialwesen | C7: 1 | D7: 1 | E7: 4
A8: Transkulturelle Traumapädagogik | B8: Sozialwesen | C8: 6 | D8: 2 | E8: 2
A9: Bauingenieurwesen | B9: Technik | C9: 10 | D9: 5
A10: Elektrotechnik und Informationstechnik | B10: Technik | C10: 18 | D10: 6
A11: Executive Engineering | B11: Technik | C11: 6
A12: Informatik | B12: Technik | C12: 30 | D12: 5 | E12: 2 | F12: 2
A13: Integrated Engineering | B13: Technik | C13: 18 | D13: 4
A14: Maschinenbau | B14: Technik | C14: 14 | D14: 3
A15: Wirtschaftsingenieurwesen | B15: Technik | C15: 32 | D15: 9 | E15: 2
A16: Accounting, Controlling, Taxation | B16: Wirtschaft | C16: 10 | D16: 8 | E16: 1
A17: Data Science and Artificial Intelligence | B17: Wirtschaft | C17: 6 | D17: 1 | F17: 1
A18: Digital Business Management | B18: Wirtschaft | C18: 8 | D18: 1
A19: Entrepreneurship | B19: Wirtschaft | C19: 4 | D19: 1
A20: Finance | B20: Wirtschaft | C20: 12 | D20: 2
A21: General Business Management | B21: Wirtschaft | C21: 39 | D21: 4 | E21: 1 | F21: 1
A22: Marketing | B22: Wirtschaft | C22: 2 | D22: 2 | E22: 1
A23: Master of Business Administration | B23: Wirtschaft | C23: 4 | D23: 4 | E23: 6
A24: Media and Data-driven Business | B24: Wirtschaft | C24: 3
A25: Personalmanagement und Wirtschaftspsychologie | B25: Wirtschaft | C25: 14 | D25: 5 | E25: 1 | F25: 2
A26: Rechnungswesen Steuern Wirtschaftsrecht | B26: Wirtschaft | C26: 32 | D26: 8 | E26: 2 | F26: 1
A27: Sales and Negotiation | B27: Wirtschaft | C27: 5 | D27: 1 | E27: 1
A28: Supply Chain Management, Logistics, Production | B28: Wirtschaft | C28: 6 | D28: 3
A29: Wirtschaftsinformatik | B29: Wirtschaft | C29: 22 | D29: 3 | E29: 1

Sheet Doz-Herkunft
A1: Studiengang | B1: Fachbereich | C1: DHBW | D1: andere Hochschule | E1: Forschungsinstitut | F1: freiberufl./selbst. | G1: Öffentliche Einrichtung | H1: Rechtsanwalt / StB/ Richter | I1: Soz. Einrichtung / Verbände | J1: Unternehmen
A2: Advanced Practice in Healthcare | B2: Gesundheit | C2: 978 | D2: 306 | F2: 108 | G2: 148 | I2: 48 | J2: 16
A3: Intensive Care | B3: Gesundheit | C3: 132 | D3: 52 | E3: 16 | F3: 92 | G3: 316 | J3: 16
A4: Digitalisierung in der Sozialen Arbeit | B4: Sozialwesen | C4: 404 | D4: 162 | F4: 144 | G4: 80
A5: Governance Sozialer Arbeit | B5: Sozialwesen | C5: 638 | D5: 36 | F5: 378 | H5: 16 | I5: 48 | J5: 64
A6: Planung und Koordination in der Sozialen Arbeit | B6: Sozialwesen | C6: 360 | E6: 32 | F6: 80 | G6: 63 | J6: 32
A7: Soziale Arbeit in der Migrationsgesellschaft | B7: Sozialwesen | C7: 336 | D7: 64 | F7: 32 | G7: 16 | H7: 80 | I7: 32 | J7: 48
A8: Transkulturelle Traumapädagogik | B8: Sozialwesen | C8: 224 | D8: 80 | E8: 56 | F8: 86 | I8: 124
A9: Bauingenieurwesen | B9: Technik | C9: 516 | D9: 16 | E9: 32 | F9: 96 | G9: 136 | J9: 428
A10: Elektrotechnik und Informationstechnik | B10: Technik | C10: 1158 | D10: 72 | E10: 32 | F10: 60 | J10: 26
A11: Executive Engineering | B11: Technik | C11: 396 | D11: 50 | E11: 56 | F11: 70 | G11: 2 | I11: 8 | J11: 114
A12: Informatik | B12: Technik | C12: 1560 | D12: 16 | E12: 128 | F12: 96 | J12: 24
A13: Integrated Engineering | B13: Technik | C13: 1032 | D13: 72 | E13: 64 | F13: 160
A14: Maschinenbau | B14: Technik | C14: 1634 | D14: 74 | E14: 64 | J14: 326
A15: Wirtschaftsingenieurwesen | B15: Technik | C15: 2436 | D15: 128 | E15: 12 | F15: 274 | J15: 362
A16: Accounting, Controlling, Taxation | B16: Wirtschaft | C16: 1236 | D16: 32 | H16: 48 | J16: 64
A17: Data Science and Artificial Intelligence | B17: Wirtschaft
A18: Digital Business Management | B18: Wirtschaft | C18: 1225 | D18: 48 | J18: 16
A19: Entrepreneurship | B19: Wirtschaft | C19: 488 | F19: 20
A20: Finance | B20: Wirtschaft | C20: 728 | D20: 72 | H20: 16 | J20: 136
A21: General Business Management | B21: Wirtschaft | C21: 1194 | D21: 16 | J21: 112
A22: Marketing | B22: Wirtschaft | C22: 618 | D22: 24 | J22: 16
A23: Master of Business Administration | B23: Wirtschaft | C23: 1144 | F23: 32
A24: Media and Data-driven Business | B24: Wirtschaft | C24: 749 | D24: 133 | J24: 8
A25: Personalmanagement und Wirtschaftspsychologie | B25: Wirtschaft | C25: 1888 | F25: 24 | J25: 32
A26: Rechnungswesen Steuern Wirtschaftsrecht | B26: Wirtschaft | C26: 1298 | D26: 140 | G26: 60 | H26: 412 | J26: 132
A27: Sales and Negotiation | B27: Wirtschaft | C27: 392 | D27: 64 | E27: 32
A28: Supply Chain Management, Logistics, Production | B28: Wirtschaft | C28: 614 | H28: 16
A29: Wirtschaftsinformatik | B29: Wirtschaft | C29: 2787 | E29: 90 | F29: 36 | J29: 13
A30: Fachübergreifende Kompetenzen | B30: Fachübergreifende Kompetenzen | C30: 716 | D30: 160 | E30: 224 | F30: 1696

Sheet Lehrverflechtung
A1: Fachbereich | B1: Studiengang | C1: Advanced Practice in Healthcare | D1: Intensive Care | E1: Digitalisierung in der Sozialen Arbeit | F1: Governance Sozialer Arbeit | G1: Planung und Koordination in der Sozialen Arbeit | H1: Soziale Arbeit in der Migrationsgesellschaft | I1: Transkulturelle Traumapädagogik | J1: Bauingenieurwesen | K1: Elektrotechnik und Informationstechnik | L1: Executive Engineering | M1: Informatik | N1: Integrated Engineering | O1: Maschinenbau | P1: Wirtschaftsingenieurwesen | Q1: Accounting, Controlling, Taxation | R1: Data Science and Artificial Intelligence | S1: Digital Business Management | T1: Entrepreneurship | U1: Finance | V1: General Business Management | W1: Marketing | X1: Master of Business Administration | Y1: Media and Data-driven Business | Z1: Personalmanagement und Wirtschaftspsychologie | AA1: Rechnungswesen Steuern Wirtschaftsrecht | AB1: Sales and Negotiation | AC1: Supply Chain Management, Logistics, Production | AD1: Wirtschaftsinformatik | AE1: Fachübergreifende Kompetenzen | AF1: Wissenschaftliche Weiterbildung
A2: Gesundheit | B2: Advanced Practice in Healthcare | C2: 280 | F2: 1 | AF2: 62
A3: Gesundheit | B3: Intensive Care | D3: 96 | AF3: 4
A4: Sozialwesen | B4: Digitalisierung in der Sozialen Arbeit | E4: 121 | F4: 4 | G4: 5 | H4: 1 | I4: 1 | AF4: 17
A5: Sozialwesen | B5: Governance Sozialer Arbeit | E5: 5 | F5: 101 | G5: 18 | H5: 1 | I5: 1
A6: Sozialwesen | B6: Planung und Koordination in der Sozialen Arbeit | E6: 8 | F6: 9 | G6: 88 | H6: 2 | AF6: 13
A7: Sozialwesen | B7: Soziale Arbeit in der Migrationsgesellschaft | E7: 2 | F7: 5 | G7: 9 | H7: 80 | I7: 4 | AF7: 36
A8: Sozialwesen | B8: Transkulturelle Traumapädagogik | E8: 1 | F8: 7 | G8: 10 | H8: 16 | I8: 94 | AF8: 41
A9: Technik | B9: Bauingenieurwesen | J9: 205 | K9: 1 | M9: 1 | N9: 4 | P9: 39 | AF9: 26
A10: Technik | B10: Elektrotechnik und Informationstechnik | J10: 1 | K10: 167 | M10: 2 | N10: 36 | O10: 5 | P10: 19 | U10: 1 | V10: 1 | AF10: 21
A11: Technik | B11: Executive Engineering | L11: 105
A12: Technik | B12: Informatik | K12: 56 | L12: 2 | M12: 369 | N12: 23 | O12: 13 | P12: 28 | R12: 5 | S12: 2 | Y12: 2 | AD12: 89 | AF12: 61
A13: Technik | B13: Integrated Engineering | J13: 1 | K13: 31 | M13: 12 | N13: 103 | O13: 3 | P13: 29 | V13: 1 | AD13: 3 | AF13: 41
A14: Technik | B14: Maschinenbau | J14: 2 | K14: 38 | L14: 3 | M14: 1 | N14: 86 | O14: 294 | P14: 132 | S14: 1 | AF14: 34
A15: Technik | B15: Wirtschaftsingenieurwesen | J15: 30 | K15: 33 | L15: 21 | M15: 42 | N15: 160 | O15: 78 | P15: 421 | R15: 1 | S15: 4 | U15: 4 | V15: 12 | Z15: 6 | AC15: 12 | AD15: 5 | AF15: 63
A16: Wirtschaft | B16: Accounting, Controlling, Taxation | N16: 1 | P16: 16 | Q16: 185 | S16: 1 | U16: 16 | V16: 41 | X16: 3 | Y16: 1 | AC16: 12 | AD16: 2 | AF16: 29
A17: Wirtschaft | B17: Data Science and Artificial Intelligence | K17: 1 | M17: 11 | R17: 58 | AD17: 3 | AF17: 11
A18: Wirtschaft | B18: Digital Business Management | E18: 1 | N18: 7 | P18: 6 | Q18: 3 | R18: 1 | S18: 111 | U18: 1 | V18: 35 | W18: 10 | X18: 5 | Y18: 4 | AB18: 7 | AC18: 8 | AD18: 50 | AF18: 8
A19: Wirtschaft | B19: Entrepreneurship | L19: 3 | Q19: 1 | S19: 1 | T19: 45 | U19: 1 | V19: 46 | X19: 1 | AB19: 3 | AF19: 22
A20: Wirtschaft | B20: Finance | Q20: 23 | R20: 1 | U20: 103 | V20: 12 | AF20: 11
A21: Wirtschaft | B21: General Business Management | J21: 1 | N21: 3 | O21: 1 | P21: 8 | Q21: 32 | S21: 17 | T21: 5 | U21: 45 | V21: 230 | W21: 11 | X21: 12 | Y21: 1 | Z21: 8 | AB21: 28 | AC21: 17 | AD21: 13 | AF21: 29
A22: Wirtschaft | B22: Marketing | P22: 1 | S22: 4 | T22: 3 | V22: 20 | W22: 47 | X22: 2 | Y22: 1 | Z22: 1 | AB22: 5 | AC22: 1 | AD22: 8 | AF22: 5
A23: Wirtschaft | B23: Master of Business Administration | J23: 1 | N23: 2 | P23: 4 | V23: 1 | X23: 175 | AF23: 79
A24: Wirtschaft | B24: Media and Data-driven Business | K24: 1 | L24: 1 | M24: 28 | N24: 4 | P24: 17 | Q24: 10 | S24: 1 | T24: 1 | U24: 1 | V24: 14 | W24: 1 | X24: 2 | Y24: 62 | AB24: 1 | AC24: 1 | AD24: 12 | AF24: 2
A25: Wirtschaft | B25: Personalmanagement und Wirtschaftspsychologie | J25: 2 | K25: 1 | L25: 2 | M25: 3 | N25: 1 | P25: 15 | Q25: 46 | S25: 4 | U25: 3 | V25: 86 | W25: 8 | X25: 28 | Y25: 1 | Z25: 360 | AB25: 10 | AC25: 5 | AD25: 16 | AF25: 43
A26: Wirtschaft | B26: Rechnungswesen Steuern Wirtschaftsrecht | AA26: 242 | AF26: 135
A27: Wirtschaft | B27: Sales and Negotiation | K27: 1 | M27: 1 | N27: 3 | P27: 11 | Q27: 1 | S27: 2 | V27: 47 | W27: 13 | X27: 2 | Y27: 1 | Z27: 1 | AB27: 41 | AC27: 2 | AF27: 10
A28: Wirtschaft | B28: Supply Chain Management, Logistics, Production | P28: 15 | Q28: 1 | V28: 7 | AB28: 3 | AC28: 92 | AD28: 6 | AF28: 19
A29: Wirtschaft | B29: Wirtschaftsinformatik | E29: 5 | M29: 136 | N29: 18 | P29: 43 | Q29: 3 | R29: 14 | S29: 23 | V29: 22 | Y29: 5 | Z29: 1 | AB29: 5 | AC29: 1 | AD29: 311 | AF29: 57
A30: Fachübergreifende Kompetenzen | B30: Fachübergreifende Kompetenzen | C30: 61 | J30: 48 | K30: 68 | L30: 42 | M30: 131 | N30: 80 | O30: 51 | P30: 142 | Q30: 68 | R30: 10 | S30: 43 | T30: 14 | U30: 42 | V30: 133 | W30: 22 | X30: 40 | Y30: 25 | Z30: 83 | AB30: 22 | AC30: 33 | AD30: 94 | AF30: 1
A31: WWB | B31: Wissenschaftliche Weiterbildung

Sheet Infos
A1: Quelle | B1: Hinweis
A2: Studierendenstatistik 2025.09.18 | B2: Zahl immatr. Studis: Master in Business Management (auslaufend) nur für FB-Zahl behalten, nicht als SG ausweisen
A3: Lehrverflecthungsmatrix SJ 2025/26
A4: DozentInnen-Statistik SJ 2024/25
A5: Modulwahlstatistik
